SlNo,Station,Agency,State LGD Code,State,District LGD Code,District,Tehsil,Block,Village,River,Basin,Tributary,Subtributary,SubSubtributary,Local River,Latitude,Longitude,Data Acquisition Time,rainfall_mm
35461,Sangla baspa khad,Himachal Pradesh,2,Himachal Pradesh,23,SHIMLA,SHIMLA RURAL(T),-,-,-,-,-,-,-,-,31.42277778,78.265,1/1/2021 8:00,16.38
35462,Sangla baspa khad,Himachal Pradesh,2,Himachal Pradesh,23,SHIMLA,SHIMLA RURAL(T),-,-,-,-,-,-,-,-,31.42277778,78.265,2/1/2021 8:00,0
35463,Sangla baspa khad,Himachal Pradesh,2,Himachal Pradesh,23,SHIMLA,SHIMLA RURAL(T),-,-,-,-,-,-,-,-,31.42277778,78.265,3/1/2021 8:00,0
35464,Sangla baspa khad,Himachal Pradesh,2,Himachal Pradesh,23,SHIMLA,SHIMLA RURAL(T),-,-,-,-,-,-,-,-,31.42277778,78.265,4/1/2021 8:00,0
35465,Sangla baspa khad,Himachal Pradesh,2,Himachal Pradesh,23,SHIMLA,SHIMLA RURAL(T),-,-,-,-,-,-,-,-,31.42277778,78.265,5/1/2021 8:00,0
35466,Sangla baspa khad,Himachal Pradesh,2,Himachal Pradesh,23,SHIMLA,SHIMLA RURAL(T),-,-,-,-,-,-,-,-,31.42277778,78.265,6/1/2021 8:00,0
35467,Sangla baspa khad,Himachal Pradesh,2,Himachal Pradesh,23,SHIMLA,SHIMLA RURAL(T),-,-,-,-,-,-,-,-,31.42277778,78.265,7/1/2021 8:00,0
35468,Sangla baspa khad,Himachal Pradesh,2,Himachal Pradesh,23,SHIMLA,SHIMLA RURAL(T),-,-,-,-,-,-,-,-,31.42277778,78.265,8/1/2021 8:00,0
35469,Sangla baspa khad,Himachal Pradesh,2,Himachal Pradesh,23,SHIMLA,SHIMLA RURAL(T),-,-,-,-,-,-,-,-,31.42277778,78.265,9/1/2021 8:00,0
35470,Sangla baspa khad,Himachal Pradesh,2,Himachal Pradesh,23,SHIMLA,SHIMLA RURAL(T),-,-,-,-,-,-,-,-,31.42277778,78.265,10/1/2021 8:00,0
35471,Sangla baspa khad,Himachal Pradesh,2,Himachal Pradesh,23,SHIMLA,SHIMLA RURAL(T),-,-,-,-,-,-,-,-,31.42277778,78.265,11/1/2021 8:00,0
35472,Sangla baspa khad,Himachal Pradesh,2,Himachal Pradesh,23,SHIMLA,SHIMLA RURAL(T),-,-,-,-,-,-,-,-,31.42277778,78.265,12/1/2021 8:00,0
35473,Sangla baspa khad,Himachal Pradesh,2,Himachal Pradesh,23,SHIMLA,SHIMLA RURAL(T),-,-,-,-,-,-,-,-,31.42277778,78.265,13-01-2021 08:00,0
35474,Sangla baspa khad,Himachal Pradesh,2,Himachal Pradesh,23,SHIMLA,SHIMLA RURAL(T),-,-,-,-,-,-,-,-,31.42277778,78.265,14-01-2021 08:00,0
35475,Sangla baspa khad,Himachal Pradesh,2,Himachal Pradesh,23,SHIMLA,SHIMLA RURAL(T),-,-,-,-,-,-,-,-,31.42277778,78.265,15-01-2021 08:00,0
35476,Sangla baspa khad,Himachal Pradesh,2,Himachal Pradesh,23,SHIMLA,SHIMLA RURAL(T),-,-,-,-,-,-,-,-,31.42277778,78.265,16-01-2021 08:00,0
35477,Sangla baspa khad,Himachal Pradesh,2,Himachal Pradesh,23,SHIMLA,SHIMLA RURAL(T),-,-,-,-,-,-,-,-,31.42277778,78.265,17-01-2021 08:00,0
35478,Sangla baspa khad,Himachal Pradesh,2,Himachal Pradesh,23,SHIMLA,SHIMLA RURAL(T),-,-,-,-,-,-,-,-,31.42277778,78.265,18-01-2021 08:00,0
35479,Sangla baspa khad,Himachal Pradesh,2,Himachal Pradesh,23,SHIMLA,SHIMLA RURAL(T),-,-,-,-,-,-,-,-,31.42277778,78.265,19-01-2021 08:00,0
35480,Sangla baspa khad,Himachal Pradesh,2,Himachal Pradesh,23,SHIMLA,SHIMLA RURAL(T),-,-,-,-,-,-,-,-,31.42277778,78.265,20-01-2021 08:00,0
35481,Sangla baspa khad,Himachal Pradesh,2,Himachal Pradesh,23,SHIMLA,SHIMLA RURAL(T),-,-,-,-,-,-,-,-,31.42277778,78.265,21-01-2021 08:00,0
35482,Sangla baspa khad,Himachal Pradesh,2,Himachal Pradesh,23,SHIMLA,SHIMLA RURAL(T),-,-,-,-,-,-,-,-,31.42277778,78.265,22-01-2021 08:00,0
35483,Sangla baspa khad,Himachal Pradesh,2,Himachal Pradesh,23,SHIMLA,SHIMLA RURAL(T),-,-,-,-,-,-,-,-,31.42277778,78.265,23-01-2021 08:00,0
35484,Sangla baspa khad,Himachal Pradesh,2,Himachal Pradesh,23,SHIMLA,SHIMLA RURAL(T),-,-,-,-,-,-,-,-,31.42277778,78.265,24-01-2021 08:00,0
35485,Sangla baspa khad,Himachal Pradesh,2,Himachal Pradesh,23,SHIMLA,SHIMLA RURAL(T),-,-,-,-,-,-,-,-,31.42277778,78.265,25-01-2021 08:00,0
35486,Sangla baspa khad,Himachal Pradesh,2,Himachal Pradesh,23,SHIMLA,SHIMLA RURAL(T),-,-,-,-,-,-,-,-,31.42277778,78.265,26-01-2021 08:00,0
35487,Sangla baspa khad,Himachal Pradesh,2,Himachal Pradesh,23,SHIMLA,SHIMLA RURAL(T),-,-,-,-,-,-,-,-,31.42277778,78.265,27-01-2021 08:00,0
35488,Sangla baspa khad,Himachal Pradesh,2,Himachal Pradesh,23,SHIMLA,SHIMLA RURAL(T),-,-,-,-,-,-,-,-,31.42277778,78.265,28-01-2021 08:00,0
35489,Sangla baspa khad,Himachal Pradesh,2,Himachal Pradesh,23,SHIMLA,SHIMLA RURAL(T),-,-,-,-,-,-,-,-,31.42277778,78.265,29-01-2021 08:00,0
35490,Sangla baspa khad,Himachal Pradesh,2,Himachal Pradesh,23,SHIMLA,SHIMLA RURAL(T),-,-,-,-,-,-,-,-,31.42277778,78.265,30-01-2021 08:00,0
35491,Sangla baspa khad,Himachal Pradesh,2,Himachal Pradesh,23,SHIMLA,SHIMLA RURAL(T),-,-,-,-,-,-,-,-,31.42277778,78.265,31-01-2021 08:00,0
35492,Sangla baspa khad,Himachal Pradesh,2,Himachal Pradesh,23,SHIMLA,SHIMLA RURAL(T),-,-,-,-,-,-,-,-,31.42277778,78.265,1/2/2021 8:00,13.608
35493,Sangla baspa khad,Himachal Pradesh,2,Himachal Pradesh,23,SHIMLA,SHIMLA RURAL(T),-,-,-,-,-,-,-,-,31.42277778,78.265,2/2/2021 8:00,0
35494,Sangla baspa khad,Himachal Pradesh,2,Himachal Pradesh,23,SHIMLA,SHIMLA RURAL(T),-,-,-,-,-,-,-,-,31.42277778,78.265,3/2/2021 8:00,0
35495,Sangla baspa khad,Himachal Pradesh,2,Himachal Pradesh,23,SHIMLA,SHIMLA RURAL(T),-,-,-,-,-,-,-,-,31.42277778,78.265,4/2/2021 8:00,0
35496,Sangla baspa khad,Himachal Pradesh,2,Himachal Pradesh,23,SHIMLA,SHIMLA RURAL(T),-,-,-,-,-,-,-,-,31.42277778,78.265,5/2/2021 8:00,0
35497,Sangla baspa khad,Himachal Pradesh,2,Himachal Pradesh,23,SHIMLA,SHIMLA RURAL(T),-,-,-,-,-,-,-,-,31.42277778,78.265,6/2/2021 8:00,0
35498,Sangla baspa khad,Himachal Pradesh,2,Himachal Pradesh,23,SHIMLA,SHIMLA RURAL(T),-,-,-,-,-,-,-,-,31.42277778,78.265,7/2/2021 8:00,0
35499,Sangla baspa khad,Himachal Pradesh,2,Himachal Pradesh,23,SHIMLA,SHIMLA RURAL(T),-,-,-,-,-,-,-,-,31.42277778,78.265,8/2/2021 8:00,0
35500,Sangla baspa khad,Himachal Pradesh,2,Himachal Pradesh,23,SHIMLA,SHIMLA RURAL(T),-,-,-,-,-,-,-,-,31.42277778,78.265,9/2/2021 8:00,0
35501,Sangla baspa khad,Himachal Pradesh,2,Himachal Pradesh,23,SHIMLA,SHIMLA RURAL(T),-,-,-,-,-,-,-,-,31.42277778,78.265,10/2/2021 8:00,0
35502,Sangla baspa khad,Himachal Pradesh,2,Himachal Pradesh,23,SHIMLA,SHIMLA RURAL(T),-,-,-,-,-,-,-,-,31.42277778,78.265,11/2/2021 8:00,0
35503,Sangla baspa khad,Himachal Pradesh,2,Himachal Pradesh,23,SHIMLA,SHIMLA RURAL(T),-,-,-,-,-,-,-,-,31.42277778,78.265,12/2/2021 8:00,0
35504,Sangla baspa khad,Himachal Pradesh,2,Himachal Pradesh,23,SHIMLA,SHIMLA RURAL(T),-,-,-,-,-,-,-,-,31.42277778,78.265,13-02-2021 08:00,0
35505,Sangla baspa khad,Himachal Pradesh,2,Himachal Pradesh,23,SHIMLA,SHIMLA RURAL(T),-,-,-,-,-,-,-,-,31.42277778,78.265,14-02-2021 08:00,0
35506,Sangla baspa khad,Himachal Pradesh,2,Himachal Pradesh,23,SHIMLA,SHIMLA RURAL(T),-,-,-,-,-,-,-,-,31.42277778,78.265,15-02-2021 08:00,0
35507,Sangla baspa khad,Himachal Pradesh,2,Himachal Pradesh,23,SHIMLA,SHIMLA RURAL(T),-,-,-,-,-,-,-,-,31.42277778,78.265,16-02-2021 08:00,0
35508,Sangla baspa khad,Himachal Pradesh,2,Himachal Pradesh,23,SHIMLA,SHIMLA RURAL(T),-,-,-,-,-,-,-,-,31.42277778,78.265,17-02-2021 08:00,0
35509,Sangla baspa khad,Himachal Pradesh,2,Himachal Pradesh,23,SHIMLA,SHIMLA RURAL(T),-,-,-,-,-,-,-,-,31.42277778,78.265,18-02-2021 08:00,0
35510,Sangla baspa khad,Himachal Pradesh,2,Himachal Pradesh,23,SHIMLA,SHIMLA RURAL(T),-,-,-,-,-,-,-,-,31.42277778,78.265,19-02-2021 08:00,0
35511,Sangla baspa khad,Himachal Pradesh,2,Himachal Pradesh,23,SHIMLA,SHIMLA RURAL(T),-,-,-,-,-,-,-,-,31.42277778,78.265,20-02-2021 08:00,0
35512,Sangla baspa khad,Himachal Pradesh,2,Himachal Pradesh,23,SHIMLA,SHIMLA RURAL(T),-,-,-,-,-,-,-,-,31.42277778,78.265,21-02-2021 08:00,0
35513,Sangla baspa khad,Himachal Pradesh,2,Himachal Pradesh,23,SHIMLA,SHIMLA RURAL(T),-,-,-,-,-,-,-,-,31.42277778,78.265,22-02-2021 08:00,0
35514,Sangla baspa khad,Himachal Pradesh,2,Himachal Pradesh,23,SHIMLA,SHIMLA RURAL(T),-,-,-,-,-,-,-,-,31.42277778,78.265,23-02-2021 08:00,0
35515,Sangla baspa khad,Himachal Pradesh,2,Himachal Pradesh,23,SHIMLA,SHIMLA RURAL(T),-,-,-,-,-,-,-,-,31.42277778,78.265,24-02-2021 08:00,0
35516,Sangla baspa khad,Himachal Pradesh,2,Himachal Pradesh,23,SHIMLA,SHIMLA RURAL(T),-,-,-,-,-,-,-,-,31.42277778,78.265,25-02-2021 08:00,0
35517,Sangla baspa khad,Himachal Pradesh,2,Himachal Pradesh,23,SHIMLA,SHIMLA RURAL(T),-,-,-,-,-,-,-,-,31.42277778,78.265,26-02-2021 08:00,0
35518,Sangla baspa khad,Himachal Pradesh,2,Himachal Pradesh,23,SHIMLA,SHIMLA RURAL(T),-,-,-,-,-,-,-,-,31.42277778,78.265,27-02-2021 08:00,0
35519,Sangla baspa khad,Himachal Pradesh,2,Himachal Pradesh,23,SHIMLA,SHIMLA RURAL(T),-,-,-,-,-,-,-,-,31.42277778,78.265,28-02-2021 08:00,0
35520,Sangla baspa khad,Himachal Pradesh,2,Himachal Pradesh,23,SHIMLA,SHIMLA RURAL(T),-,-,-,-,-,-,-,-,31.42277778,78.265,1/3/2021 8:00,10.92
35521,Sangla baspa khad,Himachal Pradesh,2,Himachal Pradesh,23,SHIMLA,SHIMLA RURAL(T),-,-,-,-,-,-,-,-,31.42277778,78.265,2/3/2021 8:00,0
35522,Sangla baspa khad,Himachal Pradesh,2,Himachal Pradesh,23,SHIMLA,SHIMLA RURAL(T),-,-,-,-,-,-,-,-,31.42277778,78.265,3/3/2021 8:00,0
35523,Sangla baspa khad,Himachal Pradesh,2,Himachal Pradesh,23,SHIMLA,SHIMLA RURAL(T),-,-,-,-,-,-,-,-,31.42277778,78.265,4/3/2021 8:00,0
35524,Sangla baspa khad,Himachal Pradesh,2,Himachal Pradesh,23,SHIMLA,SHIMLA RURAL(T),-,-,-,-,-,-,-,-,31.42277778,78.265,5/3/2021 8:00,0
35525,Sangla baspa khad,Himachal Pradesh,2,Himachal Pradesh,23,SHIMLA,SHIMLA RURAL(T),-,-,-,-,-,-,-,-,31.42277778,78.265,6/3/2021 8:00,0
35526,Sangla baspa khad,Himachal Pradesh,2,Himachal Pradesh,23,SHIMLA,SHIMLA RURAL(T),-,-,-,-,-,-,-,-,31.42277778,78.265,7/3/2021 8:00,0
35527,Sangla baspa khad,Himachal Pradesh,2,Himachal Pradesh,23,SHIMLA,SHIMLA RURAL(T),-,-,-,-,-,-,-,-,31.42277778,78.265,8/3/2021 8:00,0
35528,Sangla baspa khad,Himachal Pradesh,2,Himachal Pradesh,23,SHIMLA,SHIMLA RURAL(T),-,-,-,-,-,-,-,-,31.42277778,78.265,9/3/2021 8:00,0
35529,Sangla baspa khad,Himachal Pradesh,2,Himachal Pradesh,23,SHIMLA,SHIMLA RURAL(T),-,-,-,-,-,-,-,-,31.42277778,78.265,10/3/2021 8:00,0
35530,Sangla baspa khad,Himachal Pradesh,2,Himachal Pradesh,23,SHIMLA,SHIMLA RURAL(T),-,-,-,-,-,-,-,-,31.42277778,78.265,11/3/2021 8:00,0
35531,Sangla baspa khad,Himachal Pradesh,2,Himachal Pradesh,23,SHIMLA,SHIMLA RURAL(T),-,-,-,-,-,-,-,-,31.42277778,78.265,12/3/2021 8:00,0
35532,Sangla baspa khad,Himachal Pradesh,2,Himachal Pradesh,23,SHIMLA,SHIMLA RURAL(T),-,-,-,-,-,-,-,-,31.42277778,78.265,13-03-2021 08:00,0
35533,Sangla baspa khad,Himachal Pradesh,2,Himachal Pradesh,23,SHIMLA,SHIMLA RURAL(T),-,-,-,-,-,-,-,-,31.42277778,78.265,14-03-2021 08:00,0
35534,Sangla baspa khad,Himachal Pradesh,2,Himachal Pradesh,23,SHIMLA,SHIMLA RURAL(T),-,-,-,-,-,-,-,-,31.42277778,78.265,15-03-2021 08:00,0
35535,Sangla baspa khad,Himachal Pradesh,2,Himachal Pradesh,23,SHIMLA,SHIMLA RURAL(T),-,-,-,-,-,-,-,-,31.42277778,78.265,16-03-2021 08:00,0
35536,Sangla baspa khad,Himachal Pradesh,2,Himachal Pradesh,23,SHIMLA,SHIMLA RURAL(T),-,-,-,-,-,-,-,-,31.42277778,78.265,17-03-2021 08:00,0
35537,Sangla baspa khad,Himachal Pradesh,2,Himachal Pradesh,23,SHIMLA,SHIMLA RURAL(T),-,-,-,-,-,-,-,-,31.42277778,78.265,18-03-2021 08:00,0
35538,Sangla baspa khad,Himachal Pradesh,2,Himachal Pradesh,23,SHIMLA,SHIMLA RURAL(T),-,-,-,-,-,-,-,-,31.42277778,78.265,19-03-2021 08:00,0
35539,Sangla baspa khad,Himachal Pradesh,2,Himachal Pradesh,23,SHIMLA,SHIMLA RURAL(T),-,-,-,-,-,-,-,-,31.42277778,78.265,20-03-2021 08:00,0
35540,Sangla baspa khad,Himachal Pradesh,2,Himachal Pradesh,23,SHIMLA,SHIMLA RURAL(T),-,-,-,-,-,-,-,-,31.42277778,78.265,21-03-2021 08:00,0
35541,Sangla baspa khad,Himachal Pradesh,2,Himachal Pradesh,23,SHIMLA,SHIMLA RURAL(T),-,-,-,-,-,-,-,-,31.42277778,78.265,22-03-2021 08:00,0
35542,Sangla baspa khad,Himachal Pradesh,2,Himachal Pradesh,23,SHIMLA,SHIMLA RURAL(T),-,-,-,-,-,-,-,-,31.42277778,78.265,23-03-2021 08:00,0
35543,Sangla baspa khad,Himachal Pradesh,2,Himachal Pradesh,23,SHIMLA,SHIMLA RURAL(T),-,-,-,-,-,-,-,-,31.42277778,78.265,24-03-2021 08:00,0
35544,Sangla baspa khad,Himachal Pradesh,2,Himachal Pradesh,23,SHIMLA,SHIMLA RURAL(T),-,-,-,-,-,-,-,-,31.42277778,78.265,25-03-2021 08:00,0
35545,Sangla baspa khad,Himachal Pradesh,2,Himachal Pradesh,23,SHIMLA,SHIMLA RURAL(T),-,-,-,-,-,-,-,-,31.42277778,78.265,26-03-2021 08:00,0
35546,Sangla baspa khad,Himachal Pradesh,2,Himachal Pradesh,23,SHIMLA,SHIMLA RURAL(T),-,-,-,-,-,-,-,-,31.42277778,78.265,27-03-2021 08:00,0
35547,Sangla baspa khad,Himachal Pradesh,2,Himachal Pradesh,23,SHIMLA,SHIMLA RURAL(T),-,-,-,-,-,-,-,-,31.42277778,78.265,28-03-2021 08:00,0
35548,Sangla baspa khad,Himachal Pradesh,2,Himachal Pradesh,23,SHIMLA,SHIMLA RURAL(T),-,-,-,-,-,-,-,-,31.42277778,78.265,29-03-2021 08:00,0
35549,Sangla baspa khad,Himachal Pradesh,2,Himachal Pradesh,23,SHIMLA,SHIMLA RURAL(T),-,-,-,-,-,-,-,-,31.42277778,78.265,30-03-2021 08:00,0
35550,Sangla baspa khad,Himachal Pradesh,2,Himachal Pradesh,23,SHIMLA,SHIMLA RURAL(T),-,-,-,-,-,-,-,-,31.42277778,78.265,31-03-2021 08:00,0
35551,Sangla baspa khad,Himachal Pradesh,2,Himachal Pradesh,23,SHIMLA,SHIMLA RURAL(T),-,-,-,-,-,-,-,-,31.42277778,78.265,1/4/2021 8:00,13.608
35552,Sangla baspa khad,Himachal Pradesh,2,Himachal Pradesh,23,SHIMLA,SHIMLA RURAL(T),-,-,-,-,-,-,-,-,31.42277778,78.265,2/4/2021 8:00,0
35553,Sangla baspa khad,Himachal Pradesh,2,Himachal Pradesh,23,SHIMLA,SHIMLA RURAL(T),-,-,-,-,-,-,-,-,31.42277778,78.265,3/4/2021 8:00,0
35554,Sangla baspa khad,Himachal Pradesh,2,Himachal Pradesh,23,SHIMLA,SHIMLA RURAL(T),-,-,-,-,-,-,-,-,31.42277778,78.265,4/4/2021 8:00,0
35555,Sangla baspa khad,Himachal Pradesh,2,Himachal Pradesh,23,SHIMLA,SHIMLA RURAL(T),-,-,-,-,-,-,-,-,31.42277778,78.265,5/4/2021 8:00,0
35556,Sangla baspa khad,Himachal Pradesh,2,Himachal Pradesh,23,SHIMLA,SHIMLA RURAL(T),-,-,-,-,-,-,-,-,31.42277778,78.265,6/4/2021 8:00,0
35557,Sangla baspa khad,Himachal Pradesh,2,Himachal Pradesh,23,SHIMLA,SHIMLA RURAL(T),-,-,-,-,-,-,-,-,31.42277778,78.265,7/4/2021 8:00,0
35558,Sangla baspa khad,Himachal Pradesh,2,Himachal Pradesh,23,SHIMLA,SHIMLA RURAL(T),-,-,-,-,-,-,-,-,31.42277778,78.265,8/4/2021 8:00,0
35559,Sangla baspa khad,Himachal Pradesh,2,Himachal Pradesh,23,SHIMLA,SHIMLA RURAL(T),-,-,-,-,-,-,-,-,31.42277778,78.265,9/4/2021 8:00,0
35560,Sangla baspa khad,Himachal Pradesh,2,Himachal Pradesh,23,SHIMLA,SHIMLA RURAL(T),-,-,-,-,-,-,-,-,31.42277778,78.265,10/4/2021 8:00,0
35561,Sangla baspa khad,Himachal Pradesh,2,Himachal Pradesh,23,SHIMLA,SHIMLA RURAL(T),-,-,-,-,-,-,-,-,31.42277778,78.265,11/4/2021 8:00,0
35562,Sangla baspa khad,Himachal Pradesh,2,Himachal Pradesh,23,SHIMLA,SHIMLA RURAL(T),-,-,-,-,-,-,-,-,31.42277778,78.265,12/4/2021 8:00,0
35563,Sangla baspa khad,Himachal Pradesh,2,Himachal Pradesh,23,SHIMLA,SHIMLA RURAL(T),-,-,-,-,-,-,-,-,31.42277778,78.265,13-04-2021 08:00,0
35564,Sangla baspa khad,Himachal Pradesh,2,Himachal Pradesh,23,SHIMLA,SHIMLA RURAL(T),-,-,-,-,-,-,-,-,31.42277778,78.265,14-04-2021 08:00,0
35565,Sangla baspa khad,Himachal Pradesh,2,Himachal Pradesh,23,SHIMLA,SHIMLA RURAL(T),-,-,-,-,-,-,-,-,31.42277778,78.265,15-04-2021 08:00,0
35566,Sangla baspa khad,Himachal Pradesh,2,Himachal Pradesh,23,SHIMLA,SHIMLA RURAL(T),-,-,-,-,-,-,-,-,31.42277778,78.265,16-04-2021 08:00,0
35567,Sangla baspa khad,Himachal Pradesh,2,Himachal Pradesh,23,SHIMLA,SHIMLA RURAL(T),-,-,-,-,-,-,-,-,31.42277778,78.265,17-04-2021 08:00,0
35568,Sangla baspa khad,Himachal Pradesh,2,Himachal Pradesh,23,SHIMLA,SHIMLA RURAL(T),-,-,-,-,-,-,-,-,31.42277778,78.265,18-04-2021 08:00,0
35569,Sangla baspa khad,Himachal Pradesh,2,Himachal Pradesh,23,SHIMLA,SHIMLA RURAL(T),-,-,-,-,-,-,-,-,31.42277778,78.265,19-04-2021 08:00,0
35570,Sangla baspa khad,Himachal Pradesh,2,Himachal Pradesh,23,SHIMLA,SHIMLA RURAL(T),-,-,-,-,-,-,-,-,31.42277778,78.265,20-04-2021 08:00,0
35571,Sangla baspa khad,Himachal Pradesh,2,Himachal Pradesh,23,SHIMLA,SHIMLA RURAL(T),-,-,-,-,-,-,-,-,31.42277778,78.265,21-04-2021 08:00,0
35572,Sangla baspa khad,Himachal Pradesh,2,Himachal Pradesh,23,SHIMLA,SHIMLA RURAL(T),-,-,-,-,-,-,-,-,31.42277778,78.265,22-04-2021 08:00,0
35573,Sangla baspa khad,Himachal Pradesh,2,Himachal Pradesh,23,SHIMLA,SHIMLA RURAL(T),-,-,-,-,-,-,-,-,31.42277778,78.265,23-04-2021 08:00,0
35574,Sangla baspa khad,Himachal Pradesh,2,Himachal Pradesh,23,SHIMLA,SHIMLA RURAL(T),-,-,-,-,-,-,-,-,31.42277778,78.265,24-04-2021 08:00,0
35575,Sangla baspa khad,Himachal Pradesh,2,Himachal Pradesh,23,SHIMLA,SHIMLA RURAL(T),-,-,-,-,-,-,-,-,31.42277778,78.265,25-04-2021 08:00,0
35576,Sangla baspa khad,Himachal Pradesh,2,Himachal Pradesh,23,SHIMLA,SHIMLA RURAL(T),-,-,-,-,-,-,-,-,31.42277778,78.265,26-04-2021 08:00,0
35577,Sangla baspa khad,Himachal Pradesh,2,Himachal Pradesh,23,SHIMLA,SHIMLA RURAL(T),-,-,-,-,-,-,-,-,31.42277778,78.265,27-04-2021 08:00,0
35578,Sangla baspa khad,Himachal Pradesh,2,Himachal Pradesh,23,SHIMLA,SHIMLA RURAL(T),-,-,-,-,-,-,-,-,31.42277778,78.265,28-04-2021 08:00,0
35579,Sangla baspa khad,Himachal Pradesh,2,Himachal Pradesh,23,SHIMLA,SHIMLA RURAL(T),-,-,-,-,-,-,-,-,31.42277778,78.265,29-04-2021 08:00,0
35580,Sangla baspa khad,Himachal Pradesh,2,Himachal Pradesh,23,SHIMLA,SHIMLA RURAL(T),-,-,-,-,-,-,-,-,31.42277778,78.265,30-04-2021 08:00,0
35581,Sangla baspa khad,Himachal Pradesh,2,Himachal Pradesh,23,SHIMLA,SHIMLA RURAL(T),-,-,-,-,-,-,-,-,31.42277778,78.265,1/5/2021 8:00,31.11
35582,Sangla baspa khad,Himachal Pradesh,2,Himachal Pradesh,23,SHIMLA,SHIMLA RURAL(T),-,-,-,-,-,-,-,-,31.42277778,78.265,2/5/2021 8:00,0
35583,Sangla baspa khad,Himachal Pradesh,2,Himachal Pradesh,23,SHIMLA,SHIMLA RURAL(T),-,-,-,-,-,-,-,-,31.42277778,78.265,3/5/2021 8:00,0
35584,Sangla baspa khad,Himachal Pradesh,2,Himachal Pradesh,23,SHIMLA,SHIMLA RURAL(T),-,-,-,-,-,-,-,-,31.42277778,78.265,4/5/2021 8:00,0
35585,Sangla baspa khad,Himachal Pradesh,2,Himachal Pradesh,23,SHIMLA,SHIMLA RURAL(T),-,-,-,-,-,-,-,-,31.42277778,78.265,5/5/2021 8:00,0
35586,Sangla baspa khad,Himachal Pradesh,2,Himachal Pradesh,23,SHIMLA,SHIMLA RURAL(T),-,-,-,-,-,-,-,-,31.42277778,78.265,6/5/2021 8:00,0
35587,Sangla baspa khad,Himachal Pradesh,2,Himachal Pradesh,23,SHIMLA,SHIMLA RURAL(T),-,-,-,-,-,-,-,-,31.42277778,78.265,7/5/2021 8:00,0
35588,Sangla baspa khad,Himachal Pradesh,2,Himachal Pradesh,23,SHIMLA,SHIMLA RURAL(T),-,-,-,-,-,-,-,-,31.42277778,78.265,8/5/2021 8:00,0
35589,Sangla baspa khad,Himachal Pradesh,2,Himachal Pradesh,23,SHIMLA,SHIMLA RURAL(T),-,-,-,-,-,-,-,-,31.42277778,78.265,9/5/2021 8:00,0
35590,Sangla baspa khad,Himachal Pradesh,2,Himachal Pradesh,23,SHIMLA,SHIMLA RURAL(T),-,-,-,-,-,-,-,-,31.42277778,78.265,10/5/2021 8:00,0
35591,Sangla baspa khad,Himachal Pradesh,2,Himachal Pradesh,23,SHIMLA,SHIMLA RURAL(T),-,-,-,-,-,-,-,-,31.42277778,78.265,11/5/2021 8:00,0
35592,Sangla baspa khad,Himachal Pradesh,2,Himachal Pradesh,23,SHIMLA,SHIMLA RURAL(T),-,-,-,-,-,-,-,-,31.42277778,78.265,12/5/2021 8:00,0
35593,Sangla baspa khad,Himachal Pradesh,2,Himachal Pradesh,23,SHIMLA,SHIMLA RURAL(T),-,-,-,-,-,-,-,-,31.42277778,78.265,13-05-2021 08:00,0
35594,Sangla baspa khad,Himachal Pradesh,2,Himachal Pradesh,23,SHIMLA,SHIMLA RURAL(T),-,-,-,-,-,-,-,-,31.42277778,78.265,14-05-2021 08:00,0
35595,Sangla baspa khad,Himachal Pradesh,2,Himachal Pradesh,23,SHIMLA,SHIMLA RURAL(T),-,-,-,-,-,-,-,-,31.42277778,78.265,15-05-2021 08:00,0
35596,Sangla baspa khad,Himachal Pradesh,2,Himachal Pradesh,23,SHIMLA,SHIMLA RURAL(T),-,-,-,-,-,-,-,-,31.42277778,78.265,16-05-2021 08:00,0
35597,Sangla baspa khad,Himachal Pradesh,2,Himachal Pradesh,23,SHIMLA,SHIMLA RURAL(T),-,-,-,-,-,-,-,-,31.42277778,78.265,17-05-2021 08:00,0
35598,Sangla baspa khad,Himachal Pradesh,2,Himachal Pradesh,23,SHIMLA,SHIMLA RURAL(T),-,-,-,-,-,-,-,-,31.42277778,78.265,18-05-2021 08:00,0
35599,Sangla baspa khad,Himachal Pradesh,2,Himachal Pradesh,23,SHIMLA,SHIMLA RURAL(T),-,-,-,-,-,-,-,-,31.42277778,78.265,19-05-2021 08:00,0
35600,Sangla baspa khad,Himachal Pradesh,2,Himachal Pradesh,23,SHIMLA,SHIMLA RURAL(T),-,-,-,-,-,-,-,-,31.42277778,78.265,20-05-2021 08:00,0
35601,Sangla baspa khad,Himachal Pradesh,2,Himachal Pradesh,23,SHIMLA,SHIMLA RURAL(T),-,-,-,-,-,-,-,-,31.42277778,78.265,21-05-2021 08:00,0
35602,Sangla baspa khad,Himachal Pradesh,2,Himachal Pradesh,23,SHIMLA,SHIMLA RURAL(T),-,-,-,-,-,-,-,-,31.42277778,78.265,22-05-2021 08:00,0
35603,Sangla baspa khad,Himachal Pradesh,2,Himachal Pradesh,23,SHIMLA,SHIMLA RURAL(T),-,-,-,-,-,-,-,-,31.42277778,78.265,23-05-2021 08:00,0
35604,Sangla baspa khad,Himachal Pradesh,2,Himachal Pradesh,23,SHIMLA,SHIMLA RURAL(T),-,-,-,-,-,-,-,-,31.42277778,78.265,24-05-2021 08:00,0
35605,Sangla baspa khad,Himachal Pradesh,2,Himachal Pradesh,23,SHIMLA,SHIMLA RURAL(T),-,-,-,-,-,-,-,-,31.42277778,78.265,25-05-2021 08:00,0
35606,Sangla baspa khad,Himachal Pradesh,2,Himachal Pradesh,23,SHIMLA,SHIMLA RURAL(T),-,-,-,-,-,-,-,-,31.42277778,78.265,26-05-2021 08:00,0
35607,Sangla baspa khad,Himachal Pradesh,2,Himachal Pradesh,23,SHIMLA,SHIMLA RURAL(T),-,-,-,-,-,-,-,-,31.42277778,78.265,27-05-2021 08:00,0
35608,Sangla baspa khad,Himachal Pradesh,2,Himachal Pradesh,23,SHIMLA,SHIMLA RURAL(T),-,-,-,-,-,-,-,-,31.42277778,78.265,28-05-2021 08:00,0
35609,Sangla baspa khad,Himachal Pradesh,2,Himachal Pradesh,23,SHIMLA,SHIMLA RURAL(T),-,-,-,-,-,-,-,-,31.42277778,78.265,29-05-2021 08:00,0
35610,Sangla baspa khad,Himachal Pradesh,2,Himachal Pradesh,23,SHIMLA,SHIMLA RURAL(T),-,-,-,-,-,-,-,-,31.42277778,78.265,30-05-2021 08:00,0
35611,Sangla baspa khad,Himachal Pradesh,2,Himachal Pradesh,23,SHIMLA,SHIMLA RURAL(T),-,-,-,-,-,-,-,-,31.42277778,78.265,31-05-2021 08:00,0
35612,Sangla baspa khad,Himachal Pradesh,2,Himachal Pradesh,23,SHIMLA,SHIMLA RURAL(T),-,-,-,-,-,-,-,-,31.42277778,78.265,1/6/2021 8:00,90.9
35613,Sangla baspa khad,Himachal Pradesh,2,Himachal Pradesh,23,SHIMLA,SHIMLA RURAL(T),-,-,-,-,-,-,-,-,31.42277778,78.265,2/6/2021 8:00,0
35614,Sangla baspa khad,Himachal Pradesh,2,Himachal Pradesh,23,SHIMLA,SHIMLA RURAL(T),-,-,-,-,-,-,-,-,31.42277778,78.265,3/6/2021 8:00,0
35615,Sangla baspa khad,Himachal Pradesh,2,Himachal Pradesh,23,SHIMLA,SHIMLA RURAL(T),-,-,-,-,-,-,-,-,31.42277778,78.265,4/6/2021 8:00,0
35616,Sangla baspa khad,Himachal Pradesh,2,Himachal Pradesh,23,SHIMLA,SHIMLA RURAL(T),-,-,-,-,-,-,-,-,31.42277778,78.265,5/6/2021 8:00,0
35617,Sangla baspa khad,Himachal Pradesh,2,Himachal Pradesh,23,SHIMLA,SHIMLA RURAL(T),-,-,-,-,-,-,-,-,31.42277778,78.265,6/6/2021 8:00,0
35618,Sangla baspa khad,Himachal Pradesh,2,Himachal Pradesh,23,SHIMLA,SHIMLA RURAL(T),-,-,-,-,-,-,-,-,31.42277778,78.265,7/6/2021 8:00,0
35619,Sangla baspa khad,Himachal Pradesh,2,Himachal Pradesh,23,SHIMLA,SHIMLA RURAL(T),-,-,-,-,-,-,-,-,31.42277778,78.265,8/6/2021 8:00,0
35620,Sangla baspa khad,Himachal Pradesh,2,Himachal Pradesh,23,SHIMLA,SHIMLA RURAL(T),-,-,-,-,-,-,-,-,31.42277778,78.265,9/6/2021 8:00,0
35621,Sangla baspa khad,Himachal Pradesh,2,Himachal Pradesh,23,SHIMLA,SHIMLA RURAL(T),-,-,-,-,-,-,-,-,31.42277778,78.265,10/6/2021 8:00,0
35622,Sangla baspa khad,Himachal Pradesh,2,Himachal Pradesh,23,SHIMLA,SHIMLA RURAL(T),-,-,-,-,-,-,-,-,31.42277778,78.265,11/6/2021 8:00,0
35623,Sangla baspa khad,Himachal Pradesh,2,Himachal Pradesh,23,SHIMLA,SHIMLA RURAL(T),-,-,-,-,-,-,-,-,31.42277778,78.265,12/6/2021 8:00,0
35624,Sangla baspa khad,Himachal Pradesh,2,Himachal Pradesh,23,SHIMLA,SHIMLA RURAL(T),-,-,-,-,-,-,-,-,31.42277778,78.265,13-06-2021 08:00,0
35625,Sangla baspa khad,Himachal Pradesh,2,Himachal Pradesh,23,SHIMLA,SHIMLA RURAL(T),-,-,-,-,-,-,-,-,31.42277778,78.265,14-06-2021 08:00,0
35626,Sangla baspa khad,Himachal Pradesh,2,Himachal Pradesh,23,SHIMLA,SHIMLA RURAL(T),-,-,-,-,-,-,-,-,31.42277778,78.265,15-06-2021 08:00,0
35627,Sangla baspa khad,Himachal Pradesh,2,Himachal Pradesh,23,SHIMLA,SHIMLA RURAL(T),-,-,-,-,-,-,-,-,31.42277778,78.265,16-06-2021 08:00,0
35628,Sangla baspa khad,Himachal Pradesh,2,Himachal Pradesh,23,SHIMLA,SHIMLA RURAL(T),-,-,-,-,-,-,-,-,31.42277778,78.265,17-06-2021 08:00,0
35629,Sangla baspa khad,Himachal Pradesh,2,Himachal Pradesh,23,SHIMLA,SHIMLA RURAL(T),-,-,-,-,-,-,-,-,31.42277778,78.265,18-06-2021 08:00,0
35630,Sangla baspa khad,Himachal Pradesh,2,Himachal Pradesh,23,SHIMLA,SHIMLA RURAL(T),-,-,-,-,-,-,-,-,31.42277778,78.265,19-06-2021 08:00,0
35631,Sangla baspa khad,Himachal Pradesh,2,Himachal Pradesh,23,SHIMLA,SHIMLA RURAL(T),-,-,-,-,-,-,-,-,31.42277778,78.265,20-06-2021 08:00,0
35632,Sangla baspa khad,Himachal Pradesh,2,Himachal Pradesh,23,SHIMLA,SHIMLA RURAL(T),-,-,-,-,-,-,-,-,31.42277778,78.265,21-06-2021 08:00,0
35633,Sangla baspa khad,Himachal Pradesh,2,Himachal Pradesh,23,SHIMLA,SHIMLA RURAL(T),-,-,-,-,-,-,-,-,31.42277778,78.265,22-06-2021 08:00,0
35634,Sangla baspa khad,Himachal Pradesh,2,Himachal Pradesh,23,SHIMLA,SHIMLA RURAL(T),-,-,-,-,-,-,-,-,31.42277778,78.265,23-06-2021 08:00,0
35635,Sangla baspa khad,Himachal Pradesh,2,Himachal Pradesh,23,SHIMLA,SHIMLA RURAL(T),-,-,-,-,-,-,-,-,31.42277778,78.265,24-06-2021 08:00,0
35636,Sangla baspa khad,Himachal Pradesh,2,Himachal Pradesh,23,SHIMLA,SHIMLA RURAL(T),-,-,-,-,-,-,-,-,31.42277778,78.265,25-06-2021 08:00,0
35637,Sangla baspa khad,Himachal Pradesh,2,Himachal Pradesh,23,SHIMLA,SHIMLA RURAL(T),-,-,-,-,-,-,-,-,31.42277778,78.265,26-06-2021 08:00,0
35638,Sangla baspa khad,Himachal Pradesh,2,Himachal Pradesh,23,SHIMLA,SHIMLA RURAL(T),-,-,-,-,-,-,-,-,31.42277778,78.265,27-06-2021 08:00,0
35639,Sangla baspa khad,Himachal Pradesh,2,Himachal Pradesh,23,SHIMLA,SHIMLA RURAL(T),-,-,-,-,-,-,-,-,31.42277778,78.265,28-06-2021 08:00,0
35640,Sangla baspa khad,Himachal Pradesh,2,Himachal Pradesh,23,SHIMLA,SHIMLA RURAL(T),-,-,-,-,-,-,-,-,31.42277778,78.265,29-06-2021 08:00,0
35641,Sangla baspa khad,Himachal Pradesh,2,Himachal Pradesh,23,SHIMLA,SHIMLA RURAL(T),-,-,-,-,-,-,-,-,31.42277778,78.265,30-06-2021 08:00,0
35642,Sangla baspa khad,Himachal Pradesh,2,Himachal Pradesh,23,SHIMLA,SHIMLA RURAL(T),-,-,-,-,-,-,-,-,31.42277778,78.265,1/8/2021 8:00,0
35643,Sangla baspa khad,Himachal Pradesh,2,Himachal Pradesh,23,SHIMLA,SHIMLA RURAL(T),-,-,-,-,-,-,-,-,31.42277778,78.265,2/8/2021 8:00,0
35644,Sangla baspa khad,Himachal Pradesh,2,Himachal Pradesh,23,SHIMLA,SHIMLA RURAL(T),-,-,-,-,-,-,-,-,31.42277778,78.265,3/8/2021 8:00,0
35645,Sangla baspa khad,Himachal Pradesh,2,Himachal Pradesh,23,SHIMLA,SHIMLA RURAL(T),-,-,-,-,-,-,-,-,31.42277778,78.265,4/8/2021 8:00,0
35646,Sangla baspa khad,Himachal Pradesh,2,Himachal Pradesh,23,SHIMLA,SHIMLA RURAL(T),-,-,-,-,-,-,-,-,31.42277778,78.265,5/8/2021 8:00,0
35647,Sangla baspa khad,Himachal Pradesh,2,Himachal Pradesh,23,SHIMLA,SHIMLA RURAL(T),-,-,-,-,-,-,-,-,31.42277778,78.265,6/8/2021 8:00,0
35648,Sangla baspa khad,Himachal Pradesh,2,Himachal Pradesh,23,SHIMLA,SHIMLA RURAL(T),-,-,-,-,-,-,-,-,31.42277778,78.265,7/8/2021 8:00,0
35649,Sangla baspa khad,Himachal Pradesh,2,Himachal Pradesh,23,SHIMLA,SHIMLA RURAL(T),-,-,-,-,-,-,-,-,31.42277778,78.265,8/8/2021 8:00,0
35650,Sangla baspa khad,Himachal Pradesh,2,Himachal Pradesh,23,SHIMLA,SHIMLA RURAL(T),-,-,-,-,-,-,-,-,31.42277778,78.265,9/8/2021 8:00,0
35651,Sangla baspa khad,Himachal Pradesh,2,Himachal Pradesh,23,SHIMLA,SHIMLA RURAL(T),-,-,-,-,-,-,-,-,31.42277778,78.265,10/8/2021 8:00,0
35652,Sangla baspa khad,Himachal Pradesh,2,Himachal Pradesh,23,SHIMLA,SHIMLA RURAL(T),-,-,-,-,-,-,-,-,31.42277778,78.265,11/8/2021 8:00,0
35653,Sangla baspa khad,Himachal Pradesh,2,Himachal Pradesh,23,SHIMLA,SHIMLA RURAL(T),-,-,-,-,-,-,-,-,31.42277778,78.265,12/8/2021 8:00,0
35654,Sangla baspa khad,Himachal Pradesh,2,Himachal Pradesh,23,SHIMLA,SHIMLA RURAL(T),-,-,-,-,-,-,-,-,31.42277778,78.265,13-08-2021 08:00,0
35655,Sangla baspa khad,Himachal Pradesh,2,Himachal Pradesh,23,SHIMLA,SHIMLA RURAL(T),-,-,-,-,-,-,-,-,31.42277778,78.265,14-08-2021 08:00,0
35656,Sangla baspa khad,Himachal Pradesh,2,Himachal Pradesh,23,SHIMLA,SHIMLA RURAL(T),-,-,-,-,-,-,-,-,31.42277778,78.265,15-08-2021 08:00,0
35657,Sangla baspa khad,Himachal Pradesh,2,Himachal Pradesh,23,SHIMLA,SHIMLA RURAL(T),-,-,-,-,-,-,-,-,31.42277778,78.265,16-08-2021 08:00,0
35658,Sangla baspa khad,Himachal Pradesh,2,Himachal Pradesh,23,SHIMLA,SHIMLA RURAL(T),-,-,-,-,-,-,-,-,31.42277778,78.265,17-08-2021 08:00,0
35659,Sangla baspa khad,Himachal Pradesh,2,Himachal Pradesh,23,SHIMLA,SHIMLA RURAL(T),-,-,-,-,-,-,-,-,31.42277778,78.265,18-08-2021 08:00,0
35660,Sangla baspa khad,Himachal Pradesh,2,Himachal Pradesh,23,SHIMLA,SHIMLA RURAL(T),-,-,-,-,-,-,-,-,31.42277778,78.265,19-08-2021 08:00,0
35661,Sangla baspa khad,Himachal Pradesh,2,Himachal Pradesh,23,SHIMLA,SHIMLA RURAL(T),-,-,-,-,-,-,-,-,31.42277778,78.265,20-08-2021 08:00,0
35662,Sangla baspa khad,Himachal Pradesh,2,Himachal Pradesh,23,SHIMLA,SHIMLA RURAL(T),-,-,-,-,-,-,-,-,31.42277778,78.265,21-08-2021 08:00,0
35663,Sangla baspa khad,Himachal Pradesh,2,Himachal Pradesh,23,SHIMLA,SHIMLA RURAL(T),-,-,-,-,-,-,-,-,31.42277778,78.265,22-08-2021 08:00,0
35664,Sangla baspa khad,Himachal Pradesh,2,Himachal Pradesh,23,SHIMLA,SHIMLA RURAL(T),-,-,-,-,-,-,-,-,31.42277778,78.265,23-08-2021 08:00,0
35665,Sangla baspa khad,Himachal Pradesh,2,Himachal Pradesh,23,SHIMLA,SHIMLA RURAL(T),-,-,-,-,-,-,-,-,31.42277778,78.265,24-08-2021 08:00,0
35666,Sangla baspa khad,Himachal Pradesh,2,Himachal Pradesh,23,SHIMLA,SHIMLA RURAL(T),-,-,-,-,-,-,-,-,31.42277778,78.265,25-08-2021 08:00,0
35667,Sangla baspa khad,Himachal Pradesh,2,Himachal Pradesh,23,SHIMLA,SHIMLA RURAL(T),-,-,-,-,-,-,-,-,31.42277778,78.265,26-08-2021 08:00,0
35668,Sangla baspa khad,Himachal Pradesh,2,Himachal Pradesh,23,SHIMLA,SHIMLA RURAL(T),-,-,-,-,-,-,-,-,31.42277778,78.265,27-08-2021 08:00,0
35669,Sangla baspa khad,Himachal Pradesh,2,Himachal Pradesh,23,SHIMLA,SHIMLA RURAL(T),-,-,-,-,-,-,-,-,31.42277778,78.265,28-08-2021 08:00,0
35670,Sangla baspa khad,Himachal Pradesh,2,Himachal Pradesh,23,SHIMLA,SHIMLA RURAL(T),-,-,-,-,-,-,-,-,31.42277778,78.265,29-08-2021 08:00,0
35671,Sangla baspa khad,Himachal Pradesh,2,Himachal Pradesh,23,SHIMLA,SHIMLA RURAL(T),-,-,-,-,-,-,-,-,31.42277778,78.265,30-08-2021 08:00,0
35672,Sangla baspa khad,Himachal Pradesh,2,Himachal Pradesh,23,SHIMLA,SHIMLA RURAL(T),-,-,-,-,-,-,-,-,31.42277778,78.265,31-08-2021 08:00,0
35673,Sangla baspa khad,Himachal Pradesh,2,Himachal Pradesh,23,SHIMLA,SHIMLA RURAL(T),-,-,-,-,-,-,-,-,31.42277778,78.265,1/9/2021 8:00,0
35674,Sangla baspa khad,Himachal Pradesh,2,Himachal Pradesh,23,SHIMLA,SHIMLA RURAL(T),-,-,-,-,-,-,-,-,31.42277778,78.265,2/9/2021 8:00,0
35675,Sangla baspa khad,Himachal Pradesh,2,Himachal Pradesh,23,SHIMLA,SHIMLA RURAL(T),-,-,-,-,-,-,-,-,31.42277778,78.265,3/9/2021 8:00,0
35676,Sangla baspa khad,Himachal Pradesh,2,Himachal Pradesh,23,SHIMLA,SHIMLA RURAL(T),-,-,-,-,-,-,-,-,31.42277778,78.265,4/9/2021 8:00,0
35677,Sangla baspa khad,Himachal Pradesh,2,Himachal Pradesh,23,SHIMLA,SHIMLA RURAL(T),-,-,-,-,-,-,-,-,31.42277778,78.265,5/9/2021 8:00,0
35678,Sangla baspa khad,Himachal Pradesh,2,Himachal Pradesh,23,SHIMLA,SHIMLA RURAL(T),-,-,-,-,-,-,-,-,31.42277778,78.265,6/9/2021 8:00,0
35679,Sangla baspa khad,Himachal Pradesh,2,Himachal Pradesh,23,SHIMLA,SHIMLA RURAL(T),-,-,-,-,-,-,-,-,31.42277778,78.265,7/9/2021 8:00,0
35680,Sangla baspa khad,Himachal Pradesh,2,Himachal Pradesh,23,SHIMLA,SHIMLA RURAL(T),-,-,-,-,-,-,-,-,31.42277778,78.265,8/9/2021 8:00,0
35681,Sangla baspa khad,Himachal Pradesh,2,Himachal Pradesh,23,SHIMLA,SHIMLA RURAL(T),-,-,-,-,-,-,-,-,31.42277778,78.265,9/9/2021 8:00,0
35682,Sangla baspa khad,Himachal Pradesh,2,Himachal Pradesh,23,SHIMLA,SHIMLA RURAL(T),-,-,-,-,-,-,-,-,31.42277778,78.265,10/9/2021 8:00,0
35683,Sangla baspa khad,Himachal Pradesh,2,Himachal Pradesh,23,SHIMLA,SHIMLA RURAL(T),-,-,-,-,-,-,-,-,31.42277778,78.265,11/9/2021 8:00,0
35684,Sangla baspa khad,Himachal Pradesh,2,Himachal Pradesh,23,SHIMLA,SHIMLA RURAL(T),-,-,-,-,-,-,-,-,31.42277778,78.265,12/9/2021 8:00,0
35685,Sangla baspa khad,Himachal Pradesh,2,Himachal Pradesh,23,SHIMLA,SHIMLA RURAL(T),-,-,-,-,-,-,-,-,31.42277778,78.265,13-09-2021 08:00,0
35686,Sangla baspa khad,Himachal Pradesh,2,Himachal Pradesh,23,SHIMLA,SHIMLA RURAL(T),-,-,-,-,-,-,-,-,31.42277778,78.265,14-09-2021 08:00,0
35687,Sangla baspa khad,Himachal Pradesh,2,Himachal Pradesh,23,SHIMLA,SHIMLA RURAL(T),-,-,-,-,-,-,-,-,31.42277778,78.265,15-09-2021 08:00,0
35688,Sangla baspa khad,Himachal Pradesh,2,Himachal Pradesh,23,SHIMLA,SHIMLA RURAL(T),-,-,-,-,-,-,-,-,31.42277778,78.265,16-09-2021 08:00,0
35689,Sangla baspa khad,Himachal Pradesh,2,Himachal Pradesh,23,SHIMLA,SHIMLA RURAL(T),-,-,-,-,-,-,-,-,31.42277778,78.265,17-09-2021 08:00,0
35690,Sangla baspa khad,Himachal Pradesh,2,Himachal Pradesh,23,SHIMLA,SHIMLA RURAL(T),-,-,-,-,-,-,-,-,31.42277778,78.265,18-09-2021 08:00,0
35691,Sangla baspa khad,Himachal Pradesh,2,Himachal Pradesh,23,SHIMLA,SHIMLA RURAL(T),-,-,-,-,-,-,-,-,31.42277778,78.265,19-09-2021 08:00,0
35692,Sangla baspa khad,Himachal Pradesh,2,Himachal Pradesh,23,SHIMLA,SHIMLA RURAL(T),-,-,-,-,-,-,-,-,31.42277778,78.265,20-09-2021 08:00,0
35693,Sangla baspa khad,Himachal Pradesh,2,Himachal Pradesh,23,SHIMLA,SHIMLA RURAL(T),-,-,-,-,-,-,-,-,31.42277778,78.265,21-09-2021 08:00,0
35694,Sangla baspa khad,Himachal Pradesh,2,Himachal Pradesh,23,SHIMLA,SHIMLA RURAL(T),-,-,-,-,-,-,-,-,31.42277778,78.265,22-09-2021 08:00,0
35695,Sangla baspa khad,Himachal Pradesh,2,Himachal Pradesh,23,SHIMLA,SHIMLA RURAL(T),-,-,-,-,-,-,-,-,31.42277778,78.265,23-09-2021 08:00,0
35696,Sangla baspa khad,Himachal Pradesh,2,Himachal Pradesh,23,SHIMLA,SHIMLA RURAL(T),-,-,-,-,-,-,-,-,31.42277778,78.265,24-09-2021 08:00,0
35697,Sangla baspa khad,Himachal Pradesh,2,Himachal Pradesh,23,SHIMLA,SHIMLA RURAL(T),-,-,-,-,-,-,-,-,31.42277778,78.265,25-09-2021 08:00,0
35698,Sangla baspa khad,Himachal Pradesh,2,Himachal Pradesh,23,SHIMLA,SHIMLA RURAL(T),-,-,-,-,-,-,-,-,31.42277778,78.265,26-09-2021 08:00,0
35699,Sangla baspa khad,Himachal Pradesh,2,Himachal Pradesh,23,SHIMLA,SHIMLA RURAL(T),-,-,-,-,-,-,-,-,31.42277778,78.265,27-09-2021 08:00,0
35700,Sangla baspa khad,Himachal Pradesh,2,Himachal Pradesh,23,SHIMLA,SHIMLA RURAL(T),-,-,-,-,-,-,-,-,31.42277778,78.265,28-09-2021 08:00,0
35701,Sangla baspa khad,Himachal Pradesh,2,Himachal Pradesh,23,SHIMLA,SHIMLA RURAL(T),-,-,-,-,-,-,-,-,31.42277778,78.265,29-09-2021 08:00,0
35702,Sangla baspa khad,Himachal Pradesh,2,Himachal Pradesh,23,SHIMLA,SHIMLA RURAL(T),-,-,-,-,-,-,-,-,31.42277778,78.265,30-09-2021 08:00,0
35703,Sangla baspa khad,Himachal Pradesh,2,Himachal Pradesh,23,SHIMLA,SHIMLA RURAL(T),-,-,-,-,-,-,-,-,31.42277778,78.265,1/10/2021 8:00,0
35704,Sangla baspa khad,Himachal Pradesh,2,Himachal Pradesh,23,SHIMLA,SHIMLA RURAL(T),-,-,-,-,-,-,-,-,31.42277778,78.265,2/10/2021 8:00,0
35705,Sangla baspa khad,Himachal Pradesh,2,Himachal Pradesh,23,SHIMLA,SHIMLA RURAL(T),-,-,-,-,-,-,-,-,31.42277778,78.265,3/10/2021 8:00,0
35706,Sangla baspa khad,Himachal Pradesh,2,Himachal Pradesh,23,SHIMLA,SHIMLA RURAL(T),-,-,-,-,-,-,-,-,31.42277778,78.265,4/10/2021 8:00,0
35707,Sangla baspa khad,Himachal Pradesh,2,Himachal Pradesh,23,SHIMLA,SHIMLA RURAL(T),-,-,-,-,-,-,-,-,31.42277778,78.265,5/10/2021 8:00,0
35708,Sangla baspa khad,Himachal Pradesh,2,Himachal Pradesh,23,SHIMLA,SHIMLA RURAL(T),-,-,-,-,-,-,-,-,31.42277778,78.265,6/10/2021 8:00,0
35709,Sangla baspa khad,Himachal Pradesh,2,Himachal Pradesh,23,SHIMLA,SHIMLA RURAL(T),-,-,-,-,-,-,-,-,31.42277778,78.265,7/10/2021 8:00,0
35710,Sangla baspa khad,Himachal Pradesh,2,Himachal Pradesh,23,SHIMLA,SHIMLA RURAL(T),-,-,-,-,-,-,-,-,31.42277778,78.265,8/10/2021 8:00,0
35711,Sangla baspa khad,Himachal Pradesh,2,Himachal Pradesh,23,SHIMLA,SHIMLA RURAL(T),-,-,-,-,-,-,-,-,31.42277778,78.265,9/10/2021 8:00,0
35712,Sangla baspa khad,Himachal Pradesh,2,Himachal Pradesh,23,SHIMLA,SHIMLA RURAL(T),-,-,-,-,-,-,-,-,31.42277778,78.265,10/10/2021 8:00,0
35713,Sangla baspa khad,Himachal Pradesh,2,Himachal Pradesh,23,SHIMLA,SHIMLA RURAL(T),-,-,-,-,-,-,-,-,31.42277778,78.265,11/10/2021 8:00,0
35714,Sangla baspa khad,Himachal Pradesh,2,Himachal Pradesh,23,SHIMLA,SHIMLA RURAL(T),-,-,-,-,-,-,-,-,31.42277778,78.265,12/10/2021 8:00,0
35715,Sangla baspa khad,Himachal Pradesh,2,Himachal Pradesh,23,SHIMLA,SHIMLA RURAL(T),-,-,-,-,-,-,-,-,31.42277778,78.265,13-10-2021 08:00,0
35716,Sangla baspa khad,Himachal Pradesh,2,Himachal Pradesh,23,SHIMLA,SHIMLA RURAL(T),-,-,-,-,-,-,-,-,31.42277778,78.265,14-10-2021 08:00,0
35717,Sangla baspa khad,Himachal Pradesh,2,Himachal Pradesh,23,SHIMLA,SHIMLA RURAL(T),-,-,-,-,-,-,-,-,31.42277778,78.265,15-10-2021 08:00,0
35718,Sangla baspa khad,Himachal Pradesh,2,Himachal Pradesh,23,SHIMLA,SHIMLA RURAL(T),-,-,-,-,-,-,-,-,31.42277778,78.265,16-10-2021 08:00,0
35719,Sangla baspa khad,Himachal Pradesh,2,Himachal Pradesh,23,SHIMLA,SHIMLA RURAL(T),-,-,-,-,-,-,-,-,31.42277778,78.265,17-10-2021 08:00,0
35720,Sangla baspa khad,Himachal Pradesh,2,Himachal Pradesh,23,SHIMLA,SHIMLA RURAL(T),-,-,-,-,-,-,-,-,31.42277778,78.265,18-10-2021 08:00,0
35721,Sangla baspa khad,Himachal Pradesh,2,Himachal Pradesh,23,SHIMLA,SHIMLA RURAL(T),-,-,-,-,-,-,-,-,31.42277778,78.265,19-10-2021 08:00,0
35722,Sangla baspa khad,Himachal Pradesh,2,Himachal Pradesh,23,SHIMLA,SHIMLA RURAL(T),-,-,-,-,-,-,-,-,31.42277778,78.265,20-10-2021 08:00,0
35723,Sangla baspa khad,Himachal Pradesh,2,Himachal Pradesh,23,SHIMLA,SHIMLA RURAL(T),-,-,-,-,-,-,-,-,31.42277778,78.265,21-10-2021 08:00,0
35724,Sangla baspa khad,Himachal Pradesh,2,Himachal Pradesh,23,SHIMLA,SHIMLA RURAL(T),-,-,-,-,-,-,-,-,31.42277778,78.265,22-10-2021 08:00,0
35725,Sangla baspa khad,Himachal Pradesh,2,Himachal Pradesh,23,SHIMLA,SHIMLA RURAL(T),-,-,-,-,-,-,-,-,31.42277778,78.265,23-10-2021 08:00,0
35726,Sangla baspa khad,Himachal Pradesh,2,Himachal Pradesh,23,SHIMLA,SHIMLA RURAL(T),-,-,-,-,-,-,-,-,31.42277778,78.265,24-10-2021 08:00,0
35727,Sangla baspa khad,Himachal Pradesh,2,Himachal Pradesh,23,SHIMLA,SHIMLA RURAL(T),-,-,-,-,-,-,-,-,31.42277778,78.265,25-10-2021 08:00,0
35728,Sangla baspa khad,Himachal Pradesh,2,Himachal Pradesh,23,SHIMLA,SHIMLA RURAL(T),-,-,-,-,-,-,-,-,31.42277778,78.265,26-10-2021 08:00,0
35729,Sangla baspa khad,Himachal Pradesh,2,Himachal Pradesh,23,SHIMLA,SHIMLA RURAL(T),-,-,-,-,-,-,-,-,31.42277778,78.265,27-10-2021 08:00,0
35730,Sangla baspa khad,Himachal Pradesh,2,Himachal Pradesh,23,SHIMLA,SHIMLA RURAL(T),-,-,-,-,-,-,-,-,31.42277778,78.265,28-10-2021 08:00,0
35731,Sangla baspa khad,Himachal Pradesh,2,Himachal Pradesh,23,SHIMLA,SHIMLA RURAL(T),-,-,-,-,-,-,-,-,31.42277778,78.265,29-10-2021 08:00,0
35732,Sangla baspa khad,Himachal Pradesh,2,Himachal Pradesh,23,SHIMLA,SHIMLA RURAL(T),-,-,-,-,-,-,-,-,31.42277778,78.265,30-10-2021 08:00,0
35733,Sangla baspa khad,Himachal Pradesh,2,Himachal Pradesh,23,SHIMLA,SHIMLA RURAL(T),-,-,-,-,-,-,-,-,31.42277778,78.265,31-10-2021 08:00,0
35734,Sangla baspa khad,Himachal Pradesh,2,Himachal Pradesh,23,SHIMLA,SHIMLA RURAL(T),-,-,-,-,-,-,-,-,31.42277778,78.265,1/11/2021 8:00,0
35735,Sangla baspa khad,Himachal Pradesh,2,Himachal Pradesh,23,SHIMLA,SHIMLA RURAL(T),-,-,-,-,-,-,-,-,31.42277778,78.265,2/11/2021 8:00,0
35736,Sangla baspa khad,Himachal Pradesh,2,Himachal Pradesh,23,SHIMLA,SHIMLA RURAL(T),-,-,-,-,-,-,-,-,31.42277778,78.265,3/11/2021 8:00,0
35737,Sangla baspa khad,Himachal Pradesh,2,Himachal Pradesh,23,SHIMLA,SHIMLA RURAL(T),-,-,-,-,-,-,-,-,31.42277778,78.265,4/11/2021 8:00,0
35738,Sangla baspa khad,Himachal Pradesh,2,Himachal Pradesh,23,SHIMLA,SHIMLA RURAL(T),-,-,-,-,-,-,-,-,31.42277778,78.265,5/11/2021 8:00,0
35739,Sangla baspa khad,Himachal Pradesh,2,Himachal Pradesh,23,SHIMLA,SHIMLA RURAL(T),-,-,-,-,-,-,-,-,31.42277778,78.265,6/11/2021 8:00,0
35740,Sangla baspa khad,Himachal Pradesh,2,Himachal Pradesh,23,SHIMLA,SHIMLA RURAL(T),-,-,-,-,-,-,-,-,31.42277778,78.265,7/11/2021 8:00,0
35741,Sangla baspa khad,Himachal Pradesh,2,Himachal Pradesh,23,SHIMLA,SHIMLA RURAL(T),-,-,-,-,-,-,-,-,31.42277778,78.265,8/11/2021 8:00,0
35742,Sangla baspa khad,Himachal Pradesh,2,Himachal Pradesh,23,SHIMLA,SHIMLA RURAL(T),-,-,-,-,-,-,-,-,31.42277778,78.265,9/11/2021 8:00,0
35743,Sangla baspa khad,Himachal Pradesh,2,Himachal Pradesh,23,SHIMLA,SHIMLA RURAL(T),-,-,-,-,-,-,-,-,31.42277778,78.265,10/11/2021 8:00,0
35744,Sangla baspa khad,Himachal Pradesh,2,Himachal Pradesh,23,SHIMLA,SHIMLA RURAL(T),-,-,-,-,-,-,-,-,31.42277778,78.265,11/11/2021 8:00,0
35745,Sangla baspa khad,Himachal Pradesh,2,Himachal Pradesh,23,SHIMLA,SHIMLA RURAL(T),-,-,-,-,-,-,-,-,31.42277778,78.265,12/11/2021 8:00,0
35746,Sangla baspa khad,Himachal Pradesh,2,Himachal Pradesh,23,SHIMLA,SHIMLA RURAL(T),-,-,-,-,-,-,-,-,31.42277778,78.265,13-11-2021 08:00,0
35747,Sangla baspa khad,Himachal Pradesh,2,Himachal Pradesh,23,SHIMLA,SHIMLA RURAL(T),-,-,-,-,-,-,-,-,31.42277778,78.265,14-11-2021 08:00,0
35748,Sangla baspa khad,Himachal Pradesh,2,Himachal Pradesh,23,SHIMLA,SHIMLA RURAL(T),-,-,-,-,-,-,-,-,31.42277778,78.265,15-11-2021 08:00,0
35749,Sangla baspa khad,Himachal Pradesh,2,Himachal Pradesh,23,SHIMLA,SHIMLA RURAL(T),-,-,-,-,-,-,-,-,31.42277778,78.265,16-11-2021 08:00,0
35750,Sangla baspa khad,Himachal Pradesh,2,Himachal Pradesh,23,SHIMLA,SHIMLA RURAL(T),-,-,-,-,-,-,-,-,31.42277778,78.265,17-11-2021 08:00,0
35751,Sangla baspa khad,Himachal Pradesh,2,Himachal Pradesh,23,SHIMLA,SHIMLA RURAL(T),-,-,-,-,-,-,-,-,31.42277778,78.265,18-11-2021 08:00,0
35752,Sangla baspa khad,Himachal Pradesh,2,Himachal Pradesh,23,SHIMLA,SHIMLA RURAL(T),-,-,-,-,-,-,-,-,31.42277778,78.265,19-11-2021 08:00,0
35753,Sangla baspa khad,Himachal Pradesh,2,Himachal Pradesh,23,SHIMLA,SHIMLA RURAL(T),-,-,-,-,-,-,-,-,31.42277778,78.265,20-11-2021 08:00,0
35754,Sangla baspa khad,Himachal Pradesh,2,Himachal Pradesh,23,SHIMLA,SHIMLA RURAL(T),-,-,-,-,-,-,-,-,31.42277778,78.265,21-11-2021 08:00,0
35755,Sangla baspa khad,Himachal Pradesh,2,Himachal Pradesh,23,SHIMLA,SHIMLA RURAL(T),-,-,-,-,-,-,-,-,31.42277778,78.265,22-11-2021 08:00,0
35756,Sangla baspa khad,Himachal Pradesh,2,Himachal Pradesh,23,SHIMLA,SHIMLA RURAL(T),-,-,-,-,-,-,-,-,31.42277778,78.265,23-11-2021 08:00,0
35757,Sangla baspa khad,Himachal Pradesh,2,Himachal Pradesh,23,SHIMLA,SHIMLA RURAL(T),-,-,-,-,-,-,-,-,31.42277778,78.265,24-11-2021 08:00,0
35758,Sangla baspa khad,Himachal Pradesh,2,Himachal Pradesh,23,SHIMLA,SHIMLA RURAL(T),-,-,-,-,-,-,-,-,31.42277778,78.265,25-11-2021 08:00,0
35759,Sangla baspa khad,Himachal Pradesh,2,Himachal Pradesh,23,SHIMLA,SHIMLA RURAL(T),-,-,-,-,-,-,-,-,31.42277778,78.265,26-11-2021 08:00,0
35760,Sangla baspa khad,Himachal Pradesh,2,Himachal Pradesh,23,SHIMLA,SHIMLA RURAL(T),-,-,-,-,-,-,-,-,31.42277778,78.265,27-11-2021 08:00,0
35761,Sangla baspa khad,Himachal Pradesh,2,Himachal Pradesh,23,SHIMLA,SHIMLA RURAL(T),-,-,-,-,-,-,-,-,31.42277778,78.265,28-11-2021 08:00,0
35762,Sangla baspa khad,Himachal Pradesh,2,Himachal Pradesh,23,SHIMLA,SHIMLA RURAL(T),-,-,-,-,-,-,-,-,31.42277778,78.265,29-11-2021 08:00,0
35763,Sangla baspa khad,Himachal Pradesh,2,Himachal Pradesh,23,SHIMLA,SHIMLA RURAL(T),-,-,-,-,-,-,-,-,31.42277778,78.265,30-11-2021 08:00,0
35764,Sangla baspa khad,Himachal Pradesh,2,Himachal Pradesh,23,SHIMLA,SHIMLA RURAL(T),-,-,-,-,-,-,-,-,31.42277778,78.265,1/12/2021 8:00,0
35765,Sangla baspa khad,Himachal Pradesh,2,Himachal Pradesh,23,SHIMLA,SHIMLA RURAL(T),-,-,-,-,-,-,-,-,31.42277778,78.265,2/12/2021 8:00,0
35766,Sangla baspa khad,Himachal Pradesh,2,Himachal Pradesh,23,SHIMLA,SHIMLA RURAL(T),-,-,-,-,-,-,-,-,31.42277778,78.265,3/12/2021 8:00,0
35767,Sangla baspa khad,Himachal Pradesh,2,Himachal Pradesh,23,SHIMLA,SHIMLA RURAL(T),-,-,-,-,-,-,-,-,31.42277778,78.265,4/12/2021 8:00,0
35768,Sangla baspa khad,Himachal Pradesh,2,Himachal Pradesh,23,SHIMLA,SHIMLA RURAL(T),-,-,-,-,-,-,-,-,31.42277778,78.265,5/12/2021 8:00,0
35769,Sangla baspa khad,Himachal Pradesh,2,Himachal Pradesh,23,SHIMLA,SHIMLA RURAL(T),-,-,-,-,-,-,-,-,31.42277778,78.265,6/12/2021 8:00,0
35770,Sangla baspa khad,Himachal Pradesh,2,Himachal Pradesh,23,SHIMLA,SHIMLA RURAL(T),-,-,-,-,-,-,-,-,31.42277778,78.265,7/12/2021 8:00,0
35771,Sangla baspa khad,Himachal Pradesh,2,Himachal Pradesh,23,SHIMLA,SHIMLA RURAL(T),-,-,-,-,-,-,-,-,31.42277778,78.265,8/12/2021 8:00,0
35772,Sangla baspa khad,Himachal Pradesh,2,Himachal Pradesh,23,SHIMLA,SHIMLA RURAL(T),-,-,-,-,-,-,-,-,31.42277778,78.265,9/12/2021 8:00,0
35773,Sangla baspa khad,Himachal Pradesh,2,Himachal Pradesh,23,SHIMLA,SHIMLA RURAL(T),-,-,-,-,-,-,-,-,31.42277778,78.265,10/12/2021 8:00,0
35774,Sangla baspa khad,Himachal Pradesh,2,Himachal Pradesh,23,SHIMLA,SHIMLA RURAL(T),-,-,-,-,-,-,-,-,31.42277778,78.265,11/12/2021 8:00,0
35775,Sangla baspa khad,Himachal Pradesh,2,Himachal Pradesh,23,SHIMLA,SHIMLA RURAL(T),-,-,-,-,-,-,-,-,31.42277778,78.265,12/12/2021 8:00,0
35776,Sangla baspa khad,Himachal Pradesh,2,Himachal Pradesh,23,SHIMLA,SHIMLA RURAL(T),-,-,-,-,-,-,-,-,31.42277778,78.265,13-12-2021 08:00,0
35777,Sangla baspa khad,Himachal Pradesh,2,Himachal Pradesh,23,SHIMLA,SHIMLA RURAL(T),-,-,-,-,-,-,-,-,31.42277778,78.265,14-12-2021 08:00,0
35778,Sangla baspa khad,Himachal Pradesh,2,Himachal Pradesh,23,SHIMLA,SHIMLA RURAL(T),-,-,-,-,-,-,-,-,31.42277778,78.265,15-12-2021 08:00,0
35779,Sangla baspa khad,Himachal Pradesh,2,Himachal Pradesh,23,SHIMLA,SHIMLA RURAL(T),-,-,-,-,-,-,-,-,31.42277778,78.265,16-12-2021 08:00,0
35780,Sangla baspa khad,Himachal Pradesh,2,Himachal Pradesh,23,SHIMLA,SHIMLA RURAL(T),-,-,-,-,-,-,-,-,31.42277778,78.265,17-12-2021 08:00,0
35781,Sangla baspa khad,Himachal Pradesh,2,Himachal Pradesh,23,SHIMLA,SHIMLA RURAL(T),-,-,-,-,-,-,-,-,31.42277778,78.265,18-12-2021 08:00,0
35782,Sangla baspa khad,Himachal Pradesh,2,Himachal Pradesh,23,SHIMLA,SHIMLA RURAL(T),-,-,-,-,-,-,-,-,31.42277778,78.265,19-12-2021 08:00,0
35783,Sangla baspa khad,Himachal Pradesh,2,Himachal Pradesh,23,SHIMLA,SHIMLA RURAL(T),-,-,-,-,-,-,-,-,31.42277778,78.265,20-12-2021 08:00,0
35784,Sangla baspa khad,Himachal Pradesh,2,Himachal Pradesh,23,SHIMLA,SHIMLA RURAL(T),-,-,-,-,-,-,-,-,31.42277778,78.265,21-12-2021 08:00,0
35785,Sangla baspa khad,Himachal Pradesh,2,Himachal Pradesh,23,SHIMLA,SHIMLA RURAL(T),-,-,-,-,-,-,-,-,31.42277778,78.265,22-12-2021 08:00,0
35786,Sangla baspa khad,Himachal Pradesh,2,Himachal Pradesh,23,SHIMLA,SHIMLA RURAL(T),-,-,-,-,-,-,-,-,31.42277778,78.265,23-12-2021 08:00,0
35787,Sangla baspa khad,Himachal Pradesh,2,Himachal Pradesh,23,SHIMLA,SHIMLA RURAL(T),-,-,-,-,-,-,-,-,31.42277778,78.265,24-12-2021 08:00,0
35788,Sangla baspa khad,Himachal Pradesh,2,Himachal Pradesh,23,SHIMLA,SHIMLA RURAL(T),-,-,-,-,-,-,-,-,31.42277778,78.265,25-12-2021 08:00,0
35789,Sangla baspa khad,Himachal Pradesh,2,Himachal Pradesh,23,SHIMLA,SHIMLA RURAL(T),-,-,-,-,-,-,-,-,31.42277778,78.265,26-12-2021 08:00,0
35790,Sangla baspa khad,Himachal Pradesh,2,Himachal Pradesh,23,SHIMLA,SHIMLA RURAL(T),-,-,-,-,-,-,-,-,31.42277778,78.265,27-12-2021 08:00,0
35791,Sangla baspa khad,Himachal Pradesh,2,Himachal Pradesh,23,SHIMLA,SHIMLA RURAL(T),-,-,-,-,-,-,-,-,31.42277778,78.265,28-12-2021 08:00,0
35792,Sangla baspa khad,Himachal Pradesh,2,Himachal Pradesh,23,SHIMLA,SHIMLA RURAL(T),-,-,-,-,-,-,-,-,31.42277778,78.265,29-12-2021 08:00,0
35793,Sangla baspa khad,Himachal Pradesh,2,Himachal Pradesh,23,SHIMLA,SHIMLA RURAL(T),-,-,-,-,-,-,-,-,31.42277778,78.265,30-12-2021 08:00,0
35794,Sangla baspa khad,Himachal Pradesh,2,Himachal Pradesh,23,SHIMLA,SHIMLA RURAL(T),-,-,-,-,-,-,-,-,31.42277778,78.265,31-12-2021 08:00,0
35795,Sangla baspa khad,Himachal Pradesh,2,Himachal Pradesh,23,SHIMLA,SHIMLA RURAL(T),-,-,-,-,-,-,-,-,31.42277778,78.265,1/1/2022 8:00,0
35796,Sangla baspa khad,Himachal Pradesh,2,Himachal Pradesh,23,SHIMLA,SHIMLA RURAL(T),-,-,-,-,-,-,-,-,31.42277778,78.265,2/1/2022 8:00,0
35797,Sangla baspa khad,Himachal Pradesh,2,Himachal Pradesh,23,SHIMLA,SHIMLA RURAL(T),-,-,-,-,-,-,-,-,31.42277778,78.265,3/1/2022 8:00,0
35798,Sangla baspa khad,Himachal Pradesh,2,Himachal Pradesh,23,SHIMLA,SHIMLA RURAL(T),-,-,-,-,-,-,-,-,31.42277778,78.265,4/1/2022 8:00,0
35799,Sangla baspa khad,Himachal Pradesh,2,Himachal Pradesh,23,SHIMLA,SHIMLA RURAL(T),-,-,-,-,-,-,-,-,31.42277778,78.265,5/1/2022 8:00,0
35800,Sangla baspa khad,Himachal Pradesh,2,Himachal Pradesh,23,SHIMLA,SHIMLA RURAL(T),-,-,-,-,-,-,-,-,31.42277778,78.265,6/1/2022 8:00,0
35801,Sangla baspa khad,Himachal Pradesh,2,Himachal Pradesh,23,SHIMLA,SHIMLA RURAL(T),-,-,-,-,-,-,-,-,31.42277778,78.265,7/1/2022 8:00,0
35802,Sangla baspa khad,Himachal Pradesh,2,Himachal Pradesh,23,SHIMLA,SHIMLA RURAL(T),-,-,-,-,-,-,-,-,31.42277778,78.265,8/1/2022 8:00,0
35803,Sangla baspa khad,Himachal Pradesh,2,Himachal Pradesh,23,SHIMLA,SHIMLA RURAL(T),-,-,-,-,-,-,-,-,31.42277778,78.265,9/1/2022 8:00,0
35804,Sangla baspa khad,Himachal Pradesh,2,Himachal Pradesh,23,SHIMLA,SHIMLA RURAL(T),-,-,-,-,-,-,-,-,31.42277778,78.265,10/1/2022 8:00,0
35805,Sangla baspa khad,Himachal Pradesh,2,Himachal Pradesh,23,SHIMLA,SHIMLA RURAL(T),-,-,-,-,-,-,-,-,31.42277778,78.265,11/1/2022 8:00,0
35806,Sangla baspa khad,Himachal Pradesh,2,Himachal Pradesh,23,SHIMLA,SHIMLA RURAL(T),-,-,-,-,-,-,-,-,31.42277778,78.265,12/1/2022 8:00,0
35807,Sangla baspa khad,Himachal Pradesh,2,Himachal Pradesh,23,SHIMLA,SHIMLA RURAL(T),-,-,-,-,-,-,-,-,31.42277778,78.265,13-01-2022 08:00,0
35808,Sangla baspa khad,Himachal Pradesh,2,Himachal Pradesh,23,SHIMLA,SHIMLA RURAL(T),-,-,-,-,-,-,-,-,31.42277778,78.265,14-01-2022 08:00,0
35809,Sangla baspa khad,Himachal Pradesh,2,Himachal Pradesh,23,SHIMLA,SHIMLA RURAL(T),-,-,-,-,-,-,-,-,31.42277778,78.265,15-01-2022 08:00,0
35810,Sangla baspa khad,Himachal Pradesh,2,Himachal Pradesh,23,SHIMLA,SHIMLA RURAL(T),-,-,-,-,-,-,-,-,31.42277778,78.265,16-01-2022 08:00,0
35811,Sangla baspa khad,Himachal Pradesh,2,Himachal Pradesh,23,SHIMLA,SHIMLA RURAL(T),-,-,-,-,-,-,-,-,31.42277778,78.265,17-01-2022 08:00,0
35812,Sangla baspa khad,Himachal Pradesh,2,Himachal Pradesh,23,SHIMLA,SHIMLA RURAL(T),-,-,-,-,-,-,-,-,31.42277778,78.265,18-01-2022 08:00,0
35813,Sangla baspa khad,Himachal Pradesh,2,Himachal Pradesh,23,SHIMLA,SHIMLA RURAL(T),-,-,-,-,-,-,-,-,31.42277778,78.265,19-01-2022 08:00,0
35814,Sangla baspa khad,Himachal Pradesh,2,Himachal Pradesh,23,SHIMLA,SHIMLA RURAL(T),-,-,-,-,-,-,-,-,31.42277778,78.265,20-01-2022 08:00,0
35815,Sangla baspa khad,Himachal Pradesh,2,Himachal Pradesh,23,SHIMLA,SHIMLA RURAL(T),-,-,-,-,-,-,-,-,31.42277778,78.265,21-01-2022 08:00,0
35816,Sangla baspa khad,Himachal Pradesh,2,Himachal Pradesh,23,SHIMLA,SHIMLA RURAL(T),-,-,-,-,-,-,-,-,31.42277778,78.265,22-01-2022 08:00,0
35817,Sangla baspa khad,Himachal Pradesh,2,Himachal Pradesh,23,SHIMLA,SHIMLA RURAL(T),-,-,-,-,-,-,-,-,31.42277778,78.265,23-01-2022 08:00,0
35818,Sangla baspa khad,Himachal Pradesh,2,Himachal Pradesh,23,SHIMLA,SHIMLA RURAL(T),-,-,-,-,-,-,-,-,31.42277778,78.265,24-01-2022 08:00,0
35819,Sangla baspa khad,Himachal Pradesh,2,Himachal Pradesh,23,SHIMLA,SHIMLA RURAL(T),-,-,-,-,-,-,-,-,31.42277778,78.265,25-01-2022 08:00,0
35820,Sangla baspa khad,Himachal Pradesh,2,Himachal Pradesh,23,SHIMLA,SHIMLA RURAL(T),-,-,-,-,-,-,-,-,31.42277778,78.265,26-01-2022 08:00,0
35821,Sangla baspa khad,Himachal Pradesh,2,Himachal Pradesh,23,SHIMLA,SHIMLA RURAL(T),-,-,-,-,-,-,-,-,31.42277778,78.265,27-01-2022 08:00,0
35822,Sangla baspa khad,Himachal Pradesh,2,Himachal Pradesh,23,SHIMLA,SHIMLA RURAL(T),-,-,-,-,-,-,-,-,31.42277778,78.265,28-01-2022 08:00,0
35823,Sangla baspa khad,Himachal Pradesh,2,Himachal Pradesh,23,SHIMLA,SHIMLA RURAL(T),-,-,-,-,-,-,-,-,31.42277778,78.265,29-01-2022 08:00,0
35824,Sangla baspa khad,Himachal Pradesh,2,Himachal Pradesh,23,SHIMLA,SHIMLA RURAL(T),-,-,-,-,-,-,-,-,31.42277778,78.265,30-01-2022 08:00,0
35825,Sangla baspa khad,Himachal Pradesh,2,Himachal Pradesh,23,SHIMLA,SHIMLA RURAL(T),-,-,-,-,-,-,-,-,31.42277778,78.265,31-01-2022 08:00,0
35826,Sangla baspa khad,Himachal Pradesh,2,Himachal Pradesh,23,SHIMLA,SHIMLA RURAL(T),-,-,-,-,-,-,-,-,31.42277778,78.265,1/2/2022 8:00,20.313
35827,Sangla baspa khad,Himachal Pradesh,2,Himachal Pradesh,23,SHIMLA,SHIMLA RURAL(T),-,-,-,-,-,-,-,-,31.42277778,78.265,2/2/2022 8:00,0
35828,Sangla baspa khad,Himachal Pradesh,2,Himachal Pradesh,23,SHIMLA,SHIMLA RURAL(T),-,-,-,-,-,-,-,-,31.42277778,78.265,3/2/2022 8:00,0
35829,Sangla baspa khad,Himachal Pradesh,2,Himachal Pradesh,23,SHIMLA,SHIMLA RURAL(T),-,-,-,-,-,-,-,-,31.42277778,78.265,4/2/2022 8:00,0
35830,Sangla baspa khad,Himachal Pradesh,2,Himachal Pradesh,23,SHIMLA,SHIMLA RURAL(T),-,-,-,-,-,-,-,-,31.42277778,78.265,5/2/2022 8:00,0
35831,Sangla baspa khad,Himachal Pradesh,2,Himachal Pradesh,23,SHIMLA,SHIMLA RURAL(T),-,-,-,-,-,-,-,-,31.42277778,78.265,6/2/2022 8:00,0
35832,Sangla baspa khad,Himachal Pradesh,2,Himachal Pradesh,23,SHIMLA,SHIMLA RURAL(T),-,-,-,-,-,-,-,-,31.42277778,78.265,7/2/2022 8:00,0
35833,Sangla baspa khad,Himachal Pradesh,2,Himachal Pradesh,23,SHIMLA,SHIMLA RURAL(T),-,-,-,-,-,-,-,-,31.42277778,78.265,8/2/2022 8:00,0
35834,Sangla baspa khad,Himachal Pradesh,2,Himachal Pradesh,23,SHIMLA,SHIMLA RURAL(T),-,-,-,-,-,-,-,-,31.42277778,78.265,9/2/2022 8:00,0
35835,Sangla baspa khad,Himachal Pradesh,2,Himachal Pradesh,23,SHIMLA,SHIMLA RURAL(T),-,-,-,-,-,-,-,-,31.42277778,78.265,10/2/2022 8:00,0
35836,Sangla baspa khad,Himachal Pradesh,2,Himachal Pradesh,23,SHIMLA,SHIMLA RURAL(T),-,-,-,-,-,-,-,-,31.42277778,78.265,11/2/2022 8:00,0
35837,Sangla baspa khad,Himachal Pradesh,2,Himachal Pradesh,23,SHIMLA,SHIMLA RURAL(T),-,-,-,-,-,-,-,-,31.42277778,78.265,12/2/2022 8:00,0
35838,Sangla baspa khad,Himachal Pradesh,2,Himachal Pradesh,23,SHIMLA,SHIMLA RURAL(T),-,-,-,-,-,-,-,-,31.42277778,78.265,13-02-2022 08:00,0
35839,Sangla baspa khad,Himachal Pradesh,2,Himachal Pradesh,23,SHIMLA,SHIMLA RURAL(T),-,-,-,-,-,-,-,-,31.42277778,78.265,14-02-2022 08:00,0
35840,Sangla baspa khad,Himachal Pradesh,2,Himachal Pradesh,23,SHIMLA,SHIMLA RURAL(T),-,-,-,-,-,-,-,-,31.42277778,78.265,15-02-2022 08:00,0
35841,Sangla baspa khad,Himachal Pradesh,2,Himachal Pradesh,23,SHIMLA,SHIMLA RURAL(T),-,-,-,-,-,-,-,-,31.42277778,78.265,16-02-2022 08:00,0
35842,Sangla baspa khad,Himachal Pradesh,2,Himachal Pradesh,23,SHIMLA,SHIMLA RURAL(T),-,-,-,-,-,-,-,-,31.42277778,78.265,17-02-2022 08:00,0
35843,Sangla baspa khad,Himachal Pradesh,2,Himachal Pradesh,23,SHIMLA,SHIMLA RURAL(T),-,-,-,-,-,-,-,-,31.42277778,78.265,18-02-2022 08:00,0
35844,Sangla baspa khad,Himachal Pradesh,2,Himachal Pradesh,23,SHIMLA,SHIMLA RURAL(T),-,-,-,-,-,-,-,-,31.42277778,78.265,19-02-2022 08:00,0
35845,Sangla baspa khad,Himachal Pradesh,2,Himachal Pradesh,23,SHIMLA,SHIMLA RURAL(T),-,-,-,-,-,-,-,-,31.42277778,78.265,20-02-2022 08:00,0
35846,Sangla baspa khad,Himachal Pradesh,2,Himachal Pradesh,23,SHIMLA,SHIMLA RURAL(T),-,-,-,-,-,-,-,-,31.42277778,78.265,21-02-2022 08:00,0
35847,Sangla baspa khad,Himachal Pradesh,2,Himachal Pradesh,23,SHIMLA,SHIMLA RURAL(T),-,-,-,-,-,-,-,-,31.42277778,78.265,22-02-2022 08:00,0
35848,Sangla baspa khad,Himachal Pradesh,2,Himachal Pradesh,23,SHIMLA,SHIMLA RURAL(T),-,-,-,-,-,-,-,-,31.42277778,78.265,23-02-2022 08:00,0
35849,Sangla baspa khad,Himachal Pradesh,2,Himachal Pradesh,23,SHIMLA,SHIMLA RURAL(T),-,-,-,-,-,-,-,-,31.42277778,78.265,24-02-2022 08:00,0
35850,Sangla baspa khad,Himachal Pradesh,2,Himachal Pradesh,23,SHIMLA,SHIMLA RURAL(T),-,-,-,-,-,-,-,-,31.42277778,78.265,25-02-2022 08:00,0
35851,Sangla baspa khad,Himachal Pradesh,2,Himachal Pradesh,23,SHIMLA,SHIMLA RURAL(T),-,-,-,-,-,-,-,-,31.42277778,78.265,26-02-2022 08:00,0
35852,Sangla baspa khad,Himachal Pradesh,2,Himachal Pradesh,23,SHIMLA,SHIMLA RURAL(T),-,-,-,-,-,-,-,-,31.42277778,78.265,27-02-2022 08:00,0
35853,Sangla baspa khad,Himachal Pradesh,2,Himachal Pradesh,23,SHIMLA,SHIMLA RURAL(T),-,-,-,-,-,-,-,-,31.42277778,78.265,28-02-2022 08:00,0
35854,Sangla baspa khad,Himachal Pradesh,2,Himachal Pradesh,23,SHIMLA,SHIMLA RURAL(T),-,-,-,-,-,-,-,-,31.42277778,78.265,1/3/2022 8:00,18.849
35855,Sangla baspa khad,Himachal Pradesh,2,Himachal Pradesh,23,SHIMLA,SHIMLA RURAL(T),-,-,-,-,-,-,-,-,31.42277778,78.265,2/3/2022 8:00,0
35856,Sangla baspa khad,Himachal Pradesh,2,Himachal Pradesh,23,SHIMLA,SHIMLA RURAL(T),-,-,-,-,-,-,-,-,31.42277778,78.265,3/3/2022 8:00,0
35857,Sangla baspa khad,Himachal Pradesh,2,Himachal Pradesh,23,SHIMLA,SHIMLA RURAL(T),-,-,-,-,-,-,-,-,31.42277778,78.265,4/3/2022 8:00,0
35858,Sangla baspa khad,Himachal Pradesh,2,Himachal Pradesh,23,SHIMLA,SHIMLA RURAL(T),-,-,-,-,-,-,-,-,31.42277778,78.265,5/3/2022 8:00,0
35859,Sangla baspa khad,Himachal Pradesh,2,Himachal Pradesh,23,SHIMLA,SHIMLA RURAL(T),-,-,-,-,-,-,-,-,31.42277778,78.265,6/3/2022 8:00,0
35860,Sangla baspa khad,Himachal Pradesh,2,Himachal Pradesh,23,SHIMLA,SHIMLA RURAL(T),-,-,-,-,-,-,-,-,31.42277778,78.265,7/3/2022 8:00,0
35861,Sangla baspa khad,Himachal Pradesh,2,Himachal Pradesh,23,SHIMLA,SHIMLA RURAL(T),-,-,-,-,-,-,-,-,31.42277778,78.265,8/3/2022 8:00,0
35862,Sangla baspa khad,Himachal Pradesh,2,Himachal Pradesh,23,SHIMLA,SHIMLA RURAL(T),-,-,-,-,-,-,-,-,31.42277778,78.265,9/3/2022 8:00,0
35863,Sangla baspa khad,Himachal Pradesh,2,Himachal Pradesh,23,SHIMLA,SHIMLA RURAL(T),-,-,-,-,-,-,-,-,31.42277778,78.265,10/3/2022 8:00,0
35864,Sangla baspa khad,Himachal Pradesh,2,Himachal Pradesh,23,SHIMLA,SHIMLA RURAL(T),-,-,-,-,-,-,-,-,31.42277778,78.265,11/3/2022 8:00,0
35865,Sangla baspa khad,Himachal Pradesh,2,Himachal Pradesh,23,SHIMLA,SHIMLA RURAL(T),-,-,-,-,-,-,-,-,31.42277778,78.265,12/3/2022 8:00,0
35866,Sangla baspa khad,Himachal Pradesh,2,Himachal Pradesh,23,SHIMLA,SHIMLA RURAL(T),-,-,-,-,-,-,-,-,31.42277778,78.265,13-03-2022 08:00,0
35867,Sangla baspa khad,Himachal Pradesh,2,Himachal Pradesh,23,SHIMLA,SHIMLA RURAL(T),-,-,-,-,-,-,-,-,31.42277778,78.265,14-03-2022 08:00,0
35868,Sangla baspa khad,Himachal Pradesh,2,Himachal Pradesh,23,SHIMLA,SHIMLA RURAL(T),-,-,-,-,-,-,-,-,31.42277778,78.265,15-03-2022 08:00,0
35869,Sangla baspa khad,Himachal Pradesh,2,Himachal Pradesh,23,SHIMLA,SHIMLA RURAL(T),-,-,-,-,-,-,-,-,31.42277778,78.265,16-03-2022 08:00,0
35870,Sangla baspa khad,Himachal Pradesh,2,Himachal Pradesh,23,SHIMLA,SHIMLA RURAL(T),-,-,-,-,-,-,-,-,31.42277778,78.265,17-03-2022 08:00,0
35871,Sangla baspa khad,Himachal Pradesh,2,Himachal Pradesh,23,SHIMLA,SHIMLA RURAL(T),-,-,-,-,-,-,-,-,31.42277778,78.265,18-03-2022 08:00,0
35872,Sangla baspa khad,Himachal Pradesh,2,Himachal Pradesh,23,SHIMLA,SHIMLA RURAL(T),-,-,-,-,-,-,-,-,31.42277778,78.265,19-03-2022 08:00,0
35873,Sangla baspa khad,Himachal Pradesh,2,Himachal Pradesh,23,SHIMLA,SHIMLA RURAL(T),-,-,-,-,-,-,-,-,31.42277778,78.265,20-03-2022 08:00,0
35874,Sangla baspa khad,Himachal Pradesh,2,Himachal Pradesh,23,SHIMLA,SHIMLA RURAL(T),-,-,-,-,-,-,-,-,31.42277778,78.265,21-03-2022 08:00,0
35875,Sangla baspa khad,Himachal Pradesh,2,Himachal Pradesh,23,SHIMLA,SHIMLA RURAL(T),-,-,-,-,-,-,-,-,31.42277778,78.265,22-03-2022 08:00,0
35876,Sangla baspa khad,Himachal Pradesh,2,Himachal Pradesh,23,SHIMLA,SHIMLA RURAL(T),-,-,-,-,-,-,-,-,31.42277778,78.265,23-03-2022 08:00,0
35877,Sangla baspa khad,Himachal Pradesh,2,Himachal Pradesh,23,SHIMLA,SHIMLA RURAL(T),-,-,-,-,-,-,-,-,31.42277778,78.265,24-03-2022 08:00,0
35878,Sangla baspa khad,Himachal Pradesh,2,Himachal Pradesh,23,SHIMLA,SHIMLA RURAL(T),-,-,-,-,-,-,-,-,31.42277778,78.265,25-03-2022 08:00,0
35879,Sangla baspa khad,Himachal Pradesh,2,Himachal Pradesh,23,SHIMLA,SHIMLA RURAL(T),-,-,-,-,-,-,-,-,31.42277778,78.265,26-03-2022 08:00,0
35880,Sangla baspa khad,Himachal Pradesh,2,Himachal Pradesh,23,SHIMLA,SHIMLA RURAL(T),-,-,-,-,-,-,-,-,31.42277778,78.265,27-03-2022 08:00,0
35881,Sangla baspa khad,Himachal Pradesh,2,Himachal Pradesh,23,SHIMLA,SHIMLA RURAL(T),-,-,-,-,-,-,-,-,31.42277778,78.265,28-03-2022 08:00,0
35882,Sangla baspa khad,Himachal Pradesh,2,Himachal Pradesh,23,SHIMLA,SHIMLA RURAL(T),-,-,-,-,-,-,-,-,31.42277778,78.265,29-03-2022 08:00,0
35883,Sangla baspa khad,Himachal Pradesh,2,Himachal Pradesh,23,SHIMLA,SHIMLA RURAL(T),-,-,-,-,-,-,-,-,31.42277778,78.265,30-03-2022 08:00,0
35884,Sangla baspa khad,Himachal Pradesh,2,Himachal Pradesh,23,SHIMLA,SHIMLA RURAL(T),-,-,-,-,-,-,-,-,31.42277778,78.265,31-03-2022 08:00,0
35885,Sangla baspa khad,Himachal Pradesh,2,Himachal Pradesh,23,SHIMLA,SHIMLA RURAL(T),-,-,-,-,-,-,-,-,31.42277778,78.265,1/4/2022 8:00,32.706
35886,Sangla baspa khad,Himachal Pradesh,2,Himachal Pradesh,23,SHIMLA,SHIMLA RURAL(T),-,-,-,-,-,-,-,-,31.42277778,78.265,2/4/2022 8:00,0
35887,Sangla baspa khad,Himachal Pradesh,2,Himachal Pradesh,23,SHIMLA,SHIMLA RURAL(T),-,-,-,-,-,-,-,-,31.42277778,78.265,3/4/2022 8:00,0
35888,Sangla baspa khad,Himachal Pradesh,2,Himachal Pradesh,23,SHIMLA,SHIMLA RURAL(T),-,-,-,-,-,-,-,-,31.42277778,78.265,4/4/2022 8:00,0
35889,Sangla baspa khad,Himachal Pradesh,2,Himachal Pradesh,23,SHIMLA,SHIMLA RURAL(T),-,-,-,-,-,-,-,-,31.42277778,78.265,5/4/2022 8:00,0
35890,Sangla baspa khad,Himachal Pradesh,2,Himachal Pradesh,23,SHIMLA,SHIMLA RURAL(T),-,-,-,-,-,-,-,-,31.42277778,78.265,6/4/2022 8:00,0
35891,Sangla baspa khad,Himachal Pradesh,2,Himachal Pradesh,23,SHIMLA,SHIMLA RURAL(T),-,-,-,-,-,-,-,-,31.42277778,78.265,7/4/2022 8:00,0
35892,Sangla baspa khad,Himachal Pradesh,2,Himachal Pradesh,23,SHIMLA,SHIMLA RURAL(T),-,-,-,-,-,-,-,-,31.42277778,78.265,8/4/2022 8:00,0
35893,Sangla baspa khad,Himachal Pradesh,2,Himachal Pradesh,23,SHIMLA,SHIMLA RURAL(T),-,-,-,-,-,-,-,-,31.42277778,78.265,9/4/2022 8:00,0
35894,Sangla baspa khad,Himachal Pradesh,2,Himachal Pradesh,23,SHIMLA,SHIMLA RURAL(T),-,-,-,-,-,-,-,-,31.42277778,78.265,10/4/2022 8:00,0
35895,Sangla baspa khad,Himachal Pradesh,2,Himachal Pradesh,23,SHIMLA,SHIMLA RURAL(T),-,-,-,-,-,-,-,-,31.42277778,78.265,11/4/2022 8:00,0
35896,Sangla baspa khad,Himachal Pradesh,2,Himachal Pradesh,23,SHIMLA,SHIMLA RURAL(T),-,-,-,-,-,-,-,-,31.42277778,78.265,12/4/2022 8:00,0
35897,Sangla baspa khad,Himachal Pradesh,2,Himachal Pradesh,23,SHIMLA,SHIMLA RURAL(T),-,-,-,-,-,-,-,-,31.42277778,78.265,13-04-2022 08:00,0
35898,Sangla baspa khad,Himachal Pradesh,2,Himachal Pradesh,23,SHIMLA,SHIMLA RURAL(T),-,-,-,-,-,-,-,-,31.42277778,78.265,14-04-2022 08:00,0
35899,Sangla baspa khad,Himachal Pradesh,2,Himachal Pradesh,23,SHIMLA,SHIMLA RURAL(T),-,-,-,-,-,-,-,-,31.42277778,78.265,15-04-2022 08:00,0
35900,Sangla baspa khad,Himachal Pradesh,2,Himachal Pradesh,23,SHIMLA,SHIMLA RURAL(T),-,-,-,-,-,-,-,-,31.42277778,78.265,16-04-2022 08:00,0
35901,Sangla baspa khad,Himachal Pradesh,2,Himachal Pradesh,23,SHIMLA,SHIMLA RURAL(T),-,-,-,-,-,-,-,-,31.42277778,78.265,17-04-2022 08:00,0
35902,Sangla baspa khad,Himachal Pradesh,2,Himachal Pradesh,23,SHIMLA,SHIMLA RURAL(T),-,-,-,-,-,-,-,-,31.42277778,78.265,18-04-2022 08:00,0
35903,Sangla baspa khad,Himachal Pradesh,2,Himachal Pradesh,23,SHIMLA,SHIMLA RURAL(T),-,-,-,-,-,-,-,-,31.42277778,78.265,19-04-2022 08:00,0
35904,Sangla baspa khad,Himachal Pradesh,2,Himachal Pradesh,23,SHIMLA,SHIMLA RURAL(T),-,-,-,-,-,-,-,-,31.42277778,78.265,20-04-2022 08:00,0
35905,Sangla baspa khad,Himachal Pradesh,2,Himachal Pradesh,23,SHIMLA,SHIMLA RURAL(T),-,-,-,-,-,-,-,-,31.42277778,78.265,21-04-2022 08:00,0
35906,Sangla baspa khad,Himachal Pradesh,2,Himachal Pradesh,23,SHIMLA,SHIMLA RURAL(T),-,-,-,-,-,-,-,-,31.42277778,78.265,22-04-2022 08:00,0
35907,Sangla baspa khad,Himachal Pradesh,2,Himachal Pradesh,23,SHIMLA,SHIMLA RURAL(T),-,-,-,-,-,-,-,-,31.42277778,78.265,23-04-2022 08:00,0
35908,Sangla baspa khad,Himachal Pradesh,2,Himachal Pradesh,23,SHIMLA,SHIMLA RURAL(T),-,-,-,-,-,-,-,-,31.42277778,78.265,24-04-2022 08:00,0
35909,Sangla baspa khad,Himachal Pradesh,2,Himachal Pradesh,23,SHIMLA,SHIMLA RURAL(T),-,-,-,-,-,-,-,-,31.42277778,78.265,25-04-2022 08:00,0
35910,Sangla baspa khad,Himachal Pradesh,2,Himachal Pradesh,23,SHIMLA,SHIMLA RURAL(T),-,-,-,-,-,-,-,-,31.42277778,78.265,26-04-2022 08:00,0
35911,Sangla baspa khad,Himachal Pradesh,2,Himachal Pradesh,23,SHIMLA,SHIMLA RURAL(T),-,-,-,-,-,-,-,-,31.42277778,78.265,27-04-2022 08:00,0
35912,Sangla baspa khad,Himachal Pradesh,2,Himachal Pradesh,23,SHIMLA,SHIMLA RURAL(T),-,-,-,-,-,-,-,-,31.42277778,78.265,28-04-2022 08:00,0
35913,Sangla baspa khad,Himachal Pradesh,2,Himachal Pradesh,23,SHIMLA,SHIMLA RURAL(T),-,-,-,-,-,-,-,-,31.42277778,78.265,29-04-2022 08:00,0
35914,Sangla baspa khad,Himachal Pradesh,2,Himachal Pradesh,23,SHIMLA,SHIMLA RURAL(T),-,-,-,-,-,-,-,-,31.42277778,78.265,30-04-2022 08:00,0
35915,Sangla baspa khad,Himachal Pradesh,2,Himachal Pradesh,23,SHIMLA,SHIMLA RURAL(T),-,-,-,-,-,-,-,-,31.42277778,78.265,1/5/2022 8:00,57.12
35916,Sangla baspa khad,Himachal Pradesh,2,Himachal Pradesh,23,SHIMLA,SHIMLA RURAL(T),-,-,-,-,-,-,-,-,31.42277778,78.265,2/5/2022 8:00,0
35917,Sangla baspa khad,Himachal Pradesh,2,Himachal Pradesh,23,SHIMLA,SHIMLA RURAL(T),-,-,-,-,-,-,-,-,31.42277778,78.265,3/5/2022 8:00,0
35918,Sangla baspa khad,Himachal Pradesh,2,Himachal Pradesh,23,SHIMLA,SHIMLA RURAL(T),-,-,-,-,-,-,-,-,31.42277778,78.265,4/5/2022 8:00,0
35919,Sangla baspa khad,Himachal Pradesh,2,Himachal Pradesh,23,SHIMLA,SHIMLA RURAL(T),-,-,-,-,-,-,-,-,31.42277778,78.265,5/5/2022 8:00,0
35920,Sangla baspa khad,Himachal Pradesh,2,Himachal Pradesh,23,SHIMLA,SHIMLA RURAL(T),-,-,-,-,-,-,-,-,31.42277778,78.265,6/5/2022 8:00,0
35921,Sangla baspa khad,Himachal Pradesh,2,Himachal Pradesh,23,SHIMLA,SHIMLA RURAL(T),-,-,-,-,-,-,-,-,31.42277778,78.265,7/5/2022 8:00,0
35922,Sangla baspa khad,Himachal Pradesh,2,Himachal Pradesh,23,SHIMLA,SHIMLA RURAL(T),-,-,-,-,-,-,-,-,31.42277778,78.265,8/5/2022 8:00,0
35923,Sangla baspa khad,Himachal Pradesh,2,Himachal Pradesh,23,SHIMLA,SHIMLA RURAL(T),-,-,-,-,-,-,-,-,31.42277778,78.265,9/5/2022 8:00,0
35924,Sangla baspa khad,Himachal Pradesh,2,Himachal Pradesh,23,SHIMLA,SHIMLA RURAL(T),-,-,-,-,-,-,-,-,31.42277778,78.265,10/5/2022 8:00,0
35925,Sangla baspa khad,Himachal Pradesh,2,Himachal Pradesh,23,SHIMLA,SHIMLA RURAL(T),-,-,-,-,-,-,-,-,31.42277778,78.265,11/5/2022 8:00,0
35926,Sangla baspa khad,Himachal Pradesh,2,Himachal Pradesh,23,SHIMLA,SHIMLA RURAL(T),-,-,-,-,-,-,-,-,31.42277778,78.265,12/5/2022 8:00,0
35927,Sangla baspa khad,Himachal Pradesh,2,Himachal Pradesh,23,SHIMLA,SHIMLA RURAL(T),-,-,-,-,-,-,-,-,31.42277778,78.265,13-05-2022 08:00,0
35928,Sangla baspa khad,Himachal Pradesh,2,Himachal Pradesh,23,SHIMLA,SHIMLA RURAL(T),-,-,-,-,-,-,-,-,31.42277778,78.265,14-05-2022 08:00,0
35929,Sangla baspa khad,Himachal Pradesh,2,Himachal Pradesh,23,SHIMLA,SHIMLA RURAL(T),-,-,-,-,-,-,-,-,31.42277778,78.265,15-05-2022 08:00,0
35930,Sangla baspa khad,Himachal Pradesh,2,Himachal Pradesh,23,SHIMLA,SHIMLA RURAL(T),-,-,-,-,-,-,-,-,31.42277778,78.265,16-05-2022 08:00,0
35931,Sangla baspa khad,Himachal Pradesh,2,Himachal Pradesh,23,SHIMLA,SHIMLA RURAL(T),-,-,-,-,-,-,-,-,31.42277778,78.265,17-05-2022 08:00,0
35932,Sangla baspa khad,Himachal Pradesh,2,Himachal Pradesh,23,SHIMLA,SHIMLA RURAL(T),-,-,-,-,-,-,-,-,31.42277778,78.265,18-05-2022 08:00,0
35933,Sangla baspa khad,Himachal Pradesh,2,Himachal Pradesh,23,SHIMLA,SHIMLA RURAL(T),-,-,-,-,-,-,-,-,31.42277778,78.265,19-05-2022 08:00,0
35934,Sangla baspa khad,Himachal Pradesh,2,Himachal Pradesh,23,SHIMLA,SHIMLA RURAL(T),-,-,-,-,-,-,-,-,31.42277778,78.265,20-05-2022 08:00,0
35935,Sangla baspa khad,Himachal Pradesh,2,Himachal Pradesh,23,SHIMLA,SHIMLA RURAL(T),-,-,-,-,-,-,-,-,31.42277778,78.265,21-05-2022 08:00,0
35936,Sangla baspa khad,Himachal Pradesh,2,Himachal Pradesh,23,SHIMLA,SHIMLA RURAL(T),-,-,-,-,-,-,-,-,31.42277778,78.265,22-05-2022 08:00,0
35937,Sangla baspa khad,Himachal Pradesh,2,Himachal Pradesh,23,SHIMLA,SHIMLA RURAL(T),-,-,-,-,-,-,-,-,31.42277778,78.265,23-05-2022 08:00,0
35938,Sangla baspa khad,Himachal Pradesh,2,Himachal Pradesh,23,SHIMLA,SHIMLA RURAL(T),-,-,-,-,-,-,-,-,31.42277778,78.265,24-05-2022 08:00,0
35939,Sangla baspa khad,Himachal Pradesh,2,Himachal Pradesh,23,SHIMLA,SHIMLA RURAL(T),-,-,-,-,-,-,-,-,31.42277778,78.265,25-05-2022 08:00,0
35940,Sangla baspa khad,Himachal Pradesh,2,Himachal Pradesh,23,SHIMLA,SHIMLA RURAL(T),-,-,-,-,-,-,-,-,31.42277778,78.265,26-05-2022 08:00,0
35941,Sangla baspa khad,Himachal Pradesh,2,Himachal Pradesh,23,SHIMLA,SHIMLA RURAL(T),-,-,-,-,-,-,-,-,31.42277778,78.265,27-05-2022 08:00,0
35942,Sangla baspa khad,Himachal Pradesh,2,Himachal Pradesh,23,SHIMLA,SHIMLA RURAL(T),-,-,-,-,-,-,-,-,31.42277778,78.265,28-05-2022 08:00,0
35943,Sangla baspa khad,Himachal Pradesh,2,Himachal Pradesh,23,SHIMLA,SHIMLA RURAL(T),-,-,-,-,-,-,-,-,31.42277778,78.265,29-05-2022 08:00,0
35944,Sangla baspa khad,Himachal Pradesh,2,Himachal Pradesh,23,SHIMLA,SHIMLA RURAL(T),-,-,-,-,-,-,-,-,31.42277778,78.265,30-05-2022 08:00,0
35945,Sangla baspa khad,Himachal Pradesh,2,Himachal Pradesh,23,SHIMLA,SHIMLA RURAL(T),-,-,-,-,-,-,-,-,31.42277778,78.265,31-05-2022 08:00,0
35946,Sangla baspa khad,Himachal Pradesh,2,Himachal Pradesh,23,SHIMLA,SHIMLA RURAL(T),-,-,-,-,-,-,-,-,31.42277778,78.265,1/6/2022 8:00,0
35947,Sangla baspa khad,Himachal Pradesh,2,Himachal Pradesh,23,SHIMLA,SHIMLA RURAL(T),-,-,-,-,-,-,-,-,31.42277778,78.265,2/6/2022 8:00,0
35948,Sangla baspa khad,Himachal Pradesh,2,Himachal Pradesh,23,SHIMLA,SHIMLA RURAL(T),-,-,-,-,-,-,-,-,31.42277778,78.265,3/6/2022 8:00,0
35949,Sangla baspa khad,Himachal Pradesh,2,Himachal Pradesh,23,SHIMLA,SHIMLA RURAL(T),-,-,-,-,-,-,-,-,31.42277778,78.265,4/6/2022 8:00,0
35950,Sangla baspa khad,Himachal Pradesh,2,Himachal Pradesh,23,SHIMLA,SHIMLA RURAL(T),-,-,-,-,-,-,-,-,31.42277778,78.265,5/6/2022 8:00,0
35951,Sangla baspa khad,Himachal Pradesh,2,Himachal Pradesh,23,SHIMLA,SHIMLA RURAL(T),-,-,-,-,-,-,-,-,31.42277778,78.265,6/6/2022 8:00,0
35952,Sangla baspa khad,Himachal Pradesh,2,Himachal Pradesh,23,SHIMLA,SHIMLA RURAL(T),-,-,-,-,-,-,-,-,31.42277778,78.265,7/6/2022 8:00,0
35953,Sangla baspa khad,Himachal Pradesh,2,Himachal Pradesh,23,SHIMLA,SHIMLA RURAL(T),-,-,-,-,-,-,-,-,31.42277778,78.265,8/6/2022 8:00,0
35954,Sangla baspa khad,Himachal Pradesh,2,Himachal Pradesh,23,SHIMLA,SHIMLA RURAL(T),-,-,-,-,-,-,-,-,31.42277778,78.265,9/6/2022 8:00,0
35955,Sangla baspa khad,Himachal Pradesh,2,Himachal Pradesh,23,SHIMLA,SHIMLA RURAL(T),-,-,-,-,-,-,-,-,31.42277778,78.265,10/6/2022 8:00,0
35956,Sangla baspa khad,Himachal Pradesh,2,Himachal Pradesh,23,SHIMLA,SHIMLA RURAL(T),-,-,-,-,-,-,-,-,31.42277778,78.265,11/6/2022 8:00,0
35957,Sangla baspa khad,Himachal Pradesh,2,Himachal Pradesh,23,SHIMLA,SHIMLA RURAL(T),-,-,-,-,-,-,-,-,31.42277778,78.265,12/6/2022 8:00,0
35958,Sangla baspa khad,Himachal Pradesh,2,Himachal Pradesh,23,SHIMLA,SHIMLA RURAL(T),-,-,-,-,-,-,-,-,31.42277778,78.265,13-06-2022 08:00,0
35959,Sangla baspa khad,Himachal Pradesh,2,Himachal Pradesh,23,SHIMLA,SHIMLA RURAL(T),-,-,-,-,-,-,-,-,31.42277778,78.265,14-06-2022 08:00,0
35960,Sangla baspa khad,Himachal Pradesh,2,Himachal Pradesh,23,SHIMLA,SHIMLA RURAL(T),-,-,-,-,-,-,-,-,31.42277778,78.265,15-06-2022 08:00,0
35961,Sangla baspa khad,Himachal Pradesh,2,Himachal Pradesh,23,SHIMLA,SHIMLA RURAL(T),-,-,-,-,-,-,-,-,31.42277778,78.265,16-06-2022 08:00,0
35962,Sangla baspa khad,Himachal Pradesh,2,Himachal Pradesh,23,SHIMLA,SHIMLA RURAL(T),-,-,-,-,-,-,-,-,31.42277778,78.265,17-06-2022 08:00,0
35963,Sangla baspa khad,Himachal Pradesh,2,Himachal Pradesh,23,SHIMLA,SHIMLA RURAL(T),-,-,-,-,-,-,-,-,31.42277778,78.265,18-06-2022 08:00,0
35964,Sangla baspa khad,Himachal Pradesh,2,Himachal Pradesh,23,SHIMLA,SHIMLA RURAL(T),-,-,-,-,-,-,-,-,31.42277778,78.265,19-06-2022 08:00,0
35965,Sangla baspa khad,Himachal Pradesh,2,Himachal Pradesh,23,SHIMLA,SHIMLA RURAL(T),-,-,-,-,-,-,-,-,31.42277778,78.265,20-06-2022 08:00,0
35966,Sangla baspa khad,Himachal Pradesh,2,Himachal Pradesh,23,SHIMLA,SHIMLA RURAL(T),-,-,-,-,-,-,-,-,31.42277778,78.265,21-06-2022 08:00,0
35967,Sangla baspa khad,Himachal Pradesh,2,Himachal Pradesh,23,SHIMLA,SHIMLA RURAL(T),-,-,-,-,-,-,-,-,31.42277778,78.265,22-06-2022 08:00,0
35968,Sangla baspa khad,Himachal Pradesh,2,Himachal Pradesh,23,SHIMLA,SHIMLA RURAL(T),-,-,-,-,-,-,-,-,31.42277778,78.265,23-06-2022 08:00,0
35969,Sangla baspa khad,Himachal Pradesh,2,Himachal Pradesh,23,SHIMLA,SHIMLA RURAL(T),-,-,-,-,-,-,-,-,31.42277778,78.265,24-06-2022 08:00,0
35970,Sangla baspa khad,Himachal Pradesh,2,Himachal Pradesh,23,SHIMLA,SHIMLA RURAL(T),-,-,-,-,-,-,-,-,31.42277778,78.265,25-06-2022 08:00,0
35971,Sangla baspa khad,Himachal Pradesh,2,Himachal Pradesh,23,SHIMLA,SHIMLA RURAL(T),-,-,-,-,-,-,-,-,31.42277778,78.265,26-06-2022 08:00,0
35972,Sangla baspa khad,Himachal Pradesh,2,Himachal Pradesh,23,SHIMLA,SHIMLA RURAL(T),-,-,-,-,-,-,-,-,31.42277778,78.265,27-06-2022 08:00,0
35973,Sangla baspa khad,Himachal Pradesh,2,Himachal Pradesh,23,SHIMLA,SHIMLA RURAL(T),-,-,-,-,-,-,-,-,31.42277778,78.265,28-06-2022 08:00,0
35974,Sangla baspa khad,Himachal Pradesh,2,Himachal Pradesh,23,SHIMLA,SHIMLA RURAL(T),-,-,-,-,-,-,-,-,31.42277778,78.265,29-06-2022 08:00,0
35975,Sangla baspa khad,Himachal Pradesh,2,Himachal Pradesh,23,SHIMLA,SHIMLA RURAL(T),-,-,-,-,-,-,-,-,31.42277778,78.265,30-06-2022 08:00,0
35976,Sangla baspa khad,Himachal Pradesh,2,Himachal Pradesh,23,SHIMLA,SHIMLA RURAL(T),-,-,-,-,-,-,-,-,31.42277778,78.265,1/7/2022 8:00,3.8425
35977,Sangla baspa khad,Himachal Pradesh,2,Himachal Pradesh,23,SHIMLA,SHIMLA RURAL(T),-,-,-,-,-,-,-,-,31.42277778,78.265,2/7/2022 8:00,4.2366667
35978,Sangla baspa khad,Himachal Pradesh,2,Himachal Pradesh,23,SHIMLA,SHIMLA RURAL(T),-,-,-,-,-,-,-,-,31.42277778,78.265,3/7/2022 8:00,4.5616665
35979,Sangla baspa khad,Himachal Pradesh,2,Himachal Pradesh,23,SHIMLA,SHIMLA RURAL(T),-,-,-,-,-,-,-,-,31.42277778,78.265,4/7/2022 8:00,4.675
35980,Sangla baspa khad,Himachal Pradesh,2,Himachal Pradesh,23,SHIMLA,SHIMLA RURAL(T),-,-,-,-,-,-,-,-,31.42277778,78.265,5/7/2022 8:00,4.76
35981,Sangla baspa khad,Himachal Pradesh,2,Himachal Pradesh,23,SHIMLA,SHIMLA RURAL(T),-,-,-,-,-,-,-,-,31.42277778,78.265,6/7/2022 8:00,5.2604446
35982,Sangla baspa khad,Himachal Pradesh,2,Himachal Pradesh,23,SHIMLA,SHIMLA RURAL(T),-,-,-,-,-,-,-,-,31.42277778,78.265,7/7/2022 8:00,5.133333
35983,Sangla baspa khad,Himachal Pradesh,2,Himachal Pradesh,23,SHIMLA,SHIMLA RURAL(T),-,-,-,-,-,-,-,-,31.42277778,78.265,8/7/2022 8:00,4.8166666
35984,Sangla baspa khad,Himachal Pradesh,2,Himachal Pradesh,23,SHIMLA,SHIMLA RURAL(T),-,-,-,-,-,-,-,-,31.42277778,78.265,9/7/2022 8:00,5.6116667
35985,Sangla baspa khad,Himachal Pradesh,2,Himachal Pradesh,23,SHIMLA,SHIMLA RURAL(T),-,-,-,-,-,-,-,-,31.42277778,78.265,10/7/2022 8:00,5.0746665
35986,Sangla baspa khad,Himachal Pradesh,2,Himachal Pradesh,23,SHIMLA,SHIMLA RURAL(T),-,-,-,-,-,-,-,-,31.42277778,78.265,11/7/2022 8:00,4.8166666
35987,Sangla baspa khad,Himachal Pradesh,2,Himachal Pradesh,23,SHIMLA,SHIMLA RURAL(T),-,-,-,-,-,-,-,-,31.42277778,78.265,12/7/2022 8:00,5.133333
35988,Sangla baspa khad,Himachal Pradesh,2,Himachal Pradesh,23,SHIMLA,SHIMLA RURAL(T),-,-,-,-,-,-,-,-,31.42277778,78.265,13-07-2022 08:00,5.7633333
35989,Sangla baspa khad,Himachal Pradesh,2,Himachal Pradesh,23,SHIMLA,SHIMLA RURAL(T),-,-,-,-,-,-,-,-,31.42277778,78.265,14-07-2022 08:00,5.3777776
35990,Sangla baspa khad,Himachal Pradesh,2,Himachal Pradesh,23,SHIMLA,SHIMLA RURAL(T),-,-,-,-,-,-,-,-,31.42277778,78.265,15-07-2022 08:00,5.055111
35991,Sangla baspa khad,Himachal Pradesh,2,Himachal Pradesh,23,SHIMLA,SHIMLA RURAL(T),-,-,-,-,-,-,-,-,31.42277778,78.265,16-07-2022 08:00,4.3824444
35992,Sangla baspa khad,Himachal Pradesh,2,Himachal Pradesh,23,SHIMLA,SHIMLA RURAL(T),-,-,-,-,-,-,-,-,31.42277778,78.265,17-07-2022 08:00,4.6466665
35993,Sangla baspa khad,Himachal Pradesh,2,Himachal Pradesh,23,SHIMLA,SHIMLA RURAL(T),-,-,-,-,-,-,-,-,31.42277778,78.265,18-07-2022 08:00,4.428
35994,Sangla baspa khad,Himachal Pradesh,2,Himachal Pradesh,23,SHIMLA,SHIMLA RURAL(T),-,-,-,-,-,-,-,-,31.42277778,78.265,19-07-2022 08:00,4.7977777
35995,Sangla baspa khad,Himachal Pradesh,2,Himachal Pradesh,23,SHIMLA,SHIMLA RURAL(T),-,-,-,-,-,-,-,-,31.42277778,78.265,20-07-2022 08:00,4.7505555
35996,Sangla baspa khad,Himachal Pradesh,2,Himachal Pradesh,23,SHIMLA,SHIMLA RURAL(T),-,-,-,-,-,-,-,-,31.42277778,78.265,21-07-2022 08:00,4.505
35997,Sangla baspa khad,Himachal Pradesh,2,Himachal Pradesh,23,SHIMLA,SHIMLA RURAL(T),-,-,-,-,-,-,-,-,31.42277778,78.265,22-07-2022 08:00,3.8446667
35998,Sangla baspa khad,Himachal Pradesh,2,Himachal Pradesh,23,SHIMLA,SHIMLA RURAL(T),-,-,-,-,-,-,-,-,31.42277778,78.265,23-07-2022 08:00,4.3186665
35999,Sangla baspa khad,Himachal Pradesh,2,Himachal Pradesh,23,SHIMLA,SHIMLA RURAL(T),-,-,-,-,-,-,-,-,31.42277778,78.265,24-07-2022 08:00,4.8922224
36000,Sangla baspa khad,Himachal Pradesh,2,Himachal Pradesh,23,SHIMLA,SHIMLA RURAL(T),-,-,-,-,-,-,-,-,31.42277778,78.265,25-07-2022 08:00,5.1724443
36001,Sangla baspa khad,Himachal Pradesh,2,Himachal Pradesh,23,SHIMLA,SHIMLA RURAL(T),-,-,-,-,-,-,-,-,31.42277778,78.265,26-07-2022 08:00,5.094222
36002,Sangla baspa khad,Himachal Pradesh,2,Himachal Pradesh,23,SHIMLA,SHIMLA RURAL(T),-,-,-,-,-,-,-,-,31.42277778,78.265,27-07-2022 08:00,4.9
36003,Sangla baspa khad,Himachal Pradesh,2,Himachal Pradesh,23,SHIMLA,SHIMLA RURAL(T),-,-,-,-,-,-,-,-,31.42277778,78.265,28-07-2022 08:00,4.7977777
36004,Sangla baspa khad,Himachal Pradesh,2,Himachal Pradesh,23,SHIMLA,SHIMLA RURAL(T),-,-,-,-,-,-,-,-,31.42277778,78.265,29-07-2022 08:00,4.902
36005,Sangla baspa khad,Himachal Pradesh,2,Himachal Pradesh,23,SHIMLA,SHIMLA RURAL(T),-,-,-,-,-,-,-,-,31.42277778,78.265,30-07-2022 08:00,5.1430554
36006,Sangla baspa khad,Himachal Pradesh,2,Himachal Pradesh,23,SHIMLA,SHIMLA RURAL(T),-,-,-,-,-,-,-,-,31.42277778,78.265,31-07-2022 08:00,4.7883334
36007,Sangla baspa khad,Himachal Pradesh,2,Himachal Pradesh,23,SHIMLA,SHIMLA RURAL(T),-,-,-,-,-,-,-,-,31.42277778,78.265,1/8/2022 8:00,5.4966664
36008,Sangla baspa khad,Himachal Pradesh,2,Himachal Pradesh,23,SHIMLA,SHIMLA RURAL(T),-,-,-,-,-,-,-,-,31.42277778,78.265,2/8/2022 8:00,4.735611
36009,Sangla baspa khad,Himachal Pradesh,2,Himachal Pradesh,23,SHIMLA,SHIMLA RURAL(T),-,-,-,-,-,-,-,-,31.42277778,78.265,3/8/2022 8:00,4.5737777
36010,Sangla baspa khad,Himachal Pradesh,2,Himachal Pradesh,23,SHIMLA,SHIMLA RURAL(T),-,-,-,-,-,-,-,-,31.42277778,78.265,4/8/2022 8:00,4.675667
36011,Sangla baspa khad,Himachal Pradesh,2,Himachal Pradesh,23,SHIMLA,SHIMLA RURAL(T),-,-,-,-,-,-,-,-,31.42277778,78.265,5/8/2022 8:00,5.4494443
36012,Sangla baspa khad,Himachal Pradesh,2,Himachal Pradesh,23,SHIMLA,SHIMLA RURAL(T),-,-,-,-,-,-,-,-,31.42277778,78.265,6/8/2022 8:00,5.7835555
36013,Sangla baspa khad,Himachal Pradesh,2,Himachal Pradesh,23,SHIMLA,SHIMLA RURAL(T),-,-,-,-,-,-,-,-,31.42277778,78.265,7/8/2022 8:00,5.4494443
36014,Sangla baspa khad,Himachal Pradesh,2,Himachal Pradesh,23,SHIMLA,SHIMLA RURAL(T),-,-,-,-,-,-,-,-,31.42277778,78.265,8/8/2022 8:00,6.2335
36015,Sangla baspa khad,Himachal Pradesh,2,Himachal Pradesh,23,SHIMLA,SHIMLA RURAL(T),-,-,-,-,-,-,-,-,31.42277778,78.265,9/8/2022 8:00,5.896
36016,Sangla baspa khad,Himachal Pradesh,2,Himachal Pradesh,23,SHIMLA,SHIMLA RURAL(T),-,-,-,-,-,-,-,-,31.42277778,78.265,10/8/2022 8:00,4.6306667
36017,Sangla baspa khad,Himachal Pradesh,2,Himachal Pradesh,23,SHIMLA,SHIMLA RURAL(T),-,-,-,-,-,-,-,-,31.42277778,78.265,11/8/2022 8:00,6.459889
36018,Sangla baspa khad,Himachal Pradesh,2,Himachal Pradesh,23,SHIMLA,SHIMLA RURAL(T),-,-,-,-,-,-,-,-,31.42277778,78.265,12/8/2022 8:00,5.0008335
36019,Sangla baspa khad,Himachal Pradesh,2,Himachal Pradesh,23,SHIMLA,SHIMLA RURAL(T),-,-,-,-,-,-,-,-,31.42277778,78.265,13-08-2022 08:00,5.2605557
36020,Sangla baspa khad,Himachal Pradesh,2,Himachal Pradesh,23,SHIMLA,SHIMLA RURAL(T),-,-,-,-,-,-,-,-,31.42277778,78.265,14-08-2022 08:00,5.8275557
36021,Sangla baspa khad,Himachal Pradesh,2,Himachal Pradesh,23,SHIMLA,SHIMLA RURAL(T),-,-,-,-,-,-,-,-,31.42277778,78.265,15-08-2022 08:00,6.339667
36022,Sangla baspa khad,Himachal Pradesh,2,Himachal Pradesh,23,SHIMLA,SHIMLA RURAL(T),-,-,-,-,-,-,-,-,31.42277778,78.265,16-08-2022 08:00,5.944889
36023,Sangla baspa khad,Himachal Pradesh,2,Himachal Pradesh,23,SHIMLA,SHIMLA RURAL(T),-,-,-,-,-,-,-,-,31.42277778,78.265,17-08-2022 08:00,5.0156665
36024,Sangla baspa khad,Himachal Pradesh,2,Himachal Pradesh,23,SHIMLA,SHIMLA RURAL(T),-,-,-,-,-,-,-,-,31.42277778,78.265,18-08-2022 08:00,5.2180557
36025,Sangla baspa khad,Himachal Pradesh,2,Himachal Pradesh,23,SHIMLA,SHIMLA RURAL(T),-,-,-,-,-,-,-,-,31.42277778,78.265,19-08-2022 08:00,5.454167
36026,Sangla baspa khad,Himachal Pradesh,2,Himachal Pradesh,23,SHIMLA,SHIMLA RURAL(T),-,-,-,-,-,-,-,-,31.42277778,78.265,20-08-2022 08:00,5.861778
36027,Sangla baspa khad,Himachal Pradesh,2,Himachal Pradesh,23,SHIMLA,SHIMLA RURAL(T),-,-,-,-,-,-,-,-,31.42277778,78.265,21-08-2022 08:00,5.029333
36028,Sangla baspa khad,Himachal Pradesh,2,Himachal Pradesh,23,SHIMLA,SHIMLA RURAL(T),-,-,-,-,-,-,-,-,31.42277778,78.265,22-08-2022 08:00,4.983778
36029,Sangla baspa khad,Himachal Pradesh,2,Himachal Pradesh,23,SHIMLA,SHIMLA RURAL(T),-,-,-,-,-,-,-,-,31.42277778,78.265,23-08-2022 08:00,4.735611
36030,Sangla baspa khad,Himachal Pradesh,2,Himachal Pradesh,23,SHIMLA,SHIMLA RURAL(T),-,-,-,-,-,-,-,-,31.42277778,78.265,24-08-2022 08:00,5.156889
36031,Sangla baspa khad,Himachal Pradesh,2,Himachal Pradesh,23,SHIMLA,SHIMLA RURAL(T),-,-,-,-,-,-,-,-,31.42277778,78.265,25-08-2022 08:00,4.705639
36032,Sangla baspa khad,Himachal Pradesh,2,Himachal Pradesh,23,SHIMLA,SHIMLA RURAL(T),-,-,-,-,-,-,-,-,31.42277778,78.265,26-08-2022 08:00,4.625889
36033,Sangla baspa khad,Himachal Pradesh,2,Himachal Pradesh,23,SHIMLA,SHIMLA RURAL(T),-,-,-,-,-,-,-,-,31.42277778,78.265,27-08-2022 08:00,4.735611
36034,Sangla baspa khad,Himachal Pradesh,2,Himachal Pradesh,23,SHIMLA,SHIMLA RURAL(T),-,-,-,-,-,-,-,-,31.42277778,78.265,28-08-2022 08:00,5.033889
36035,Sangla baspa khad,Himachal Pradesh,2,Himachal Pradesh,23,SHIMLA,SHIMLA RURAL(T),-,-,-,-,-,-,-,-,31.42277778,78.265,29-08-2022 08:00,4.1867223
36036,Sangla baspa khad,Himachal Pradesh,2,Himachal Pradesh,23,SHIMLA,SHIMLA RURAL(T),-,-,-,-,-,-,-,-,31.42277778,78.265,30-08-2022 08:00,3.0857222
36037,Sangla baspa khad,Himachal Pradesh,2,Himachal Pradesh,23,SHIMLA,SHIMLA RURAL(T),-,-,-,-,-,-,-,-,31.42277778,78.265,31-08-2022 08:00,3.48375
36038,Sangla baspa khad,Himachal Pradesh,2,Himachal Pradesh,23,SHIMLA,SHIMLA RURAL(T),-,-,-,-,-,-,-,-,31.42277778,78.265,1/9/2022 8:00,3.5583334
36039,Sangla baspa khad,Himachal Pradesh,2,Himachal Pradesh,23,SHIMLA,SHIMLA RURAL(T),-,-,-,-,-,-,-,-,31.42277778,78.265,2/9/2022 8:00,3.5738888
36040,Sangla baspa khad,Himachal Pradesh,2,Himachal Pradesh,23,SHIMLA,SHIMLA RURAL(T),-,-,-,-,-,-,-,-,31.42277778,78.265,3/9/2022 8:00,3.5738888
36041,Sangla baspa khad,Himachal Pradesh,2,Himachal Pradesh,23,SHIMLA,SHIMLA RURAL(T),-,-,-,-,-,-,-,-,31.42277778,78.265,4/9/2022 8:00,3.6127777
36042,Sangla baspa khad,Himachal Pradesh,2,Himachal Pradesh,23,SHIMLA,SHIMLA RURAL(T),-,-,-,-,-,-,-,-,31.42277778,78.265,5/9/2022 8:00,4.102
36043,Sangla baspa khad,Himachal Pradesh,2,Himachal Pradesh,23,SHIMLA,SHIMLA RURAL(T),-,-,-,-,-,-,-,-,31.42277778,78.265,6/9/2022 8:00,3.3590834
36044,Sangla baspa khad,Himachal Pradesh,2,Himachal Pradesh,23,SHIMLA,SHIMLA RURAL(T),-,-,-,-,-,-,-,-,31.42277778,78.265,7/9/2022 8:00,3.786611
36045,Sangla baspa khad,Himachal Pradesh,2,Himachal Pradesh,23,SHIMLA,SHIMLA RURAL(T),-,-,-,-,-,-,-,-,31.42277778,78.265,8/9/2022 8:00,4.459778
36046,Sangla baspa khad,Himachal Pradesh,2,Himachal Pradesh,23,SHIMLA,SHIMLA RURAL(T),-,-,-,-,-,-,-,-,31.42277778,78.265,9/9/2022 8:00,5.041167
36047,Sangla baspa khad,Himachal Pradesh,2,Himachal Pradesh,23,SHIMLA,SHIMLA RURAL(T),-,-,-,-,-,-,-,-,31.42277778,78.265,10/9/2022 8:00,5.1539445
36048,Sangla baspa khad,Himachal Pradesh,2,Himachal Pradesh,23,SHIMLA,SHIMLA RURAL(T),-,-,-,-,-,-,-,-,31.42277778,78.265,11/9/2022 8:00,5.1539445
36049,Sangla baspa khad,Himachal Pradesh,2,Himachal Pradesh,23,SHIMLA,SHIMLA RURAL(T),-,-,-,-,-,-,-,-,31.42277778,78.265,12/9/2022 8:00,4.9960556
36050,Sangla baspa khad,Himachal Pradesh,2,Himachal Pradesh,23,SHIMLA,SHIMLA RURAL(T),-,-,-,-,-,-,-,-,31.42277778,78.265,13-09-2022 08:00,2.3895
36051,Sangla baspa khad,Himachal Pradesh,2,Himachal Pradesh,23,SHIMLA,SHIMLA RURAL(T),-,-,-,-,-,-,-,-,31.42277778,78.265,14-09-2022 08:00,2.5178888
36052,Sangla baspa khad,Himachal Pradesh,2,Himachal Pradesh,23,SHIMLA,SHIMLA RURAL(T),-,-,-,-,-,-,-,-,31.42277778,78.265,15-09-2022 08:00,4.459778
36053,Sangla baspa khad,Himachal Pradesh,2,Himachal Pradesh,23,SHIMLA,SHIMLA RURAL(T),-,-,-,-,-,-,-,-,31.42277778,78.265,16-09-2022 08:00,2.537
36054,Sangla baspa khad,Himachal Pradesh,2,Himachal Pradesh,23,SHIMLA,SHIMLA RURAL(T),-,-,-,-,-,-,-,-,31.42277778,78.265,17-09-2022 08:00,3.6954722
36055,Sangla baspa khad,Himachal Pradesh,2,Himachal Pradesh,23,SHIMLA,SHIMLA RURAL(T),-,-,-,-,-,-,-,-,31.42277778,78.265,18-09-2022 08:00,2.3895
36056,Sangla baspa khad,Himachal Pradesh,2,Himachal Pradesh,23,SHIMLA,SHIMLA RURAL(T),-,-,-,-,-,-,-,-,31.42277778,78.265,19-09-2022 08:00,2.2097778
36057,Sangla baspa khad,Himachal Pradesh,2,Himachal Pradesh,23,SHIMLA,SHIMLA RURAL(T),-,-,-,-,-,-,-,-,31.42277778,78.265,20-09-2022 08:00,1.977
36058,Sangla baspa khad,Himachal Pradesh,2,Himachal Pradesh,23,SHIMLA,SHIMLA RURAL(T),-,-,-,-,-,-,-,-,31.42277778,78.265,21-09-2022 08:00,2.2097778
36059,Sangla baspa khad,Himachal Pradesh,2,Himachal Pradesh,23,SHIMLA,SHIMLA RURAL(T),-,-,-,-,-,-,-,-,31.42277778,78.265,22-09-2022 08:00,4.1986666
36060,Sangla baspa khad,Himachal Pradesh,2,Himachal Pradesh,23,SHIMLA,SHIMLA RURAL(T),-,-,-,-,-,-,-,-,31.42277778,78.265,23-09-2022 08:00,4.329222
36061,Sangla baspa khad,Himachal Pradesh,2,Himachal Pradesh,23,SHIMLA,SHIMLA RURAL(T),-,-,-,-,-,-,-,-,31.42277778,78.265,24-09-2022 08:00,2.3075554
36062,Sangla baspa khad,Himachal Pradesh,2,Himachal Pradesh,23,SHIMLA,SHIMLA RURAL(T),-,-,-,-,-,-,-,-,31.42277778,78.265,25-09-2022 08:00,2.55225
36063,Sangla baspa khad,Himachal Pradesh,2,Himachal Pradesh,23,SHIMLA,SHIMLA RURAL(T),-,-,-,-,-,-,-,-,31.42277778,78.265,26-09-2022 08:00,3.5993612
36064,Sangla baspa khad,Himachal Pradesh,2,Himachal Pradesh,23,SHIMLA,SHIMLA RURAL(T),-,-,-,-,-,-,-,-,31.42277778,78.265,27-09-2022 08:00,2.0905
36065,Sangla baspa khad,Himachal Pradesh,2,Himachal Pradesh,23,SHIMLA,SHIMLA RURAL(T),-,-,-,-,-,-,-,-,31.42277778,78.265,28-09-2022 08:00,2.1626945
36066,Sangla baspa khad,Himachal Pradesh,2,Himachal Pradesh,23,SHIMLA,SHIMLA RURAL(T),-,-,-,-,-,-,-,-,31.42277778,78.265,29-09-2022 08:00,1.9551111
36067,Sangla baspa khad,Himachal Pradesh,2,Himachal Pradesh,23,SHIMLA,SHIMLA RURAL(T),-,-,-,-,-,-,-,-,31.42277778,78.265,30-09-2022 08:00,2.1320834
36068,Sangla baspa khad,Himachal Pradesh,2,Himachal Pradesh,23,SHIMLA,SHIMLA RURAL(T),-,-,-,-,-,-,-,-,31.42277778,78.265,1/10/2022 8:00,2.92108
36069,Sangla baspa khad,Himachal Pradesh,2,Himachal Pradesh,23,SHIMLA,SHIMLA RURAL(T),-,-,-,-,-,-,-,-,31.42277778,78.265,2/10/2022 8:00,2.42668
36070,Sangla baspa khad,Himachal Pradesh,2,Himachal Pradesh,23,SHIMLA,SHIMLA RURAL(T),-,-,-,-,-,-,-,-,31.42277778,78.265,3/10/2022 8:00,2.38548
36071,Sangla baspa khad,Himachal Pradesh,2,Himachal Pradesh,23,SHIMLA,SHIMLA RURAL(T),-,-,-,-,-,-,-,-,31.42277778,78.265,4/10/2022 8:00,4.07404
36072,Sangla baspa khad,Himachal Pradesh,2,Himachal Pradesh,23,SHIMLA,SHIMLA RURAL(T),-,-,-,-,-,-,-,-,31.42277778,78.265,5/10/2022 8:00,4.03824
36073,Sangla baspa khad,Himachal Pradesh,2,Himachal Pradesh,23,SHIMLA,SHIMLA RURAL(T),-,-,-,-,-,-,-,-,31.42277778,78.265,6/10/2022 8:00,4.00244
36074,Sangla baspa khad,Himachal Pradesh,2,Himachal Pradesh,23,SHIMLA,SHIMLA RURAL(T),-,-,-,-,-,-,-,-,31.42277778,78.265,7/10/2022 8:00,3.93084
36075,Sangla baspa khad,Himachal Pradesh,2,Himachal Pradesh,23,SHIMLA,SHIMLA RURAL(T),-,-,-,-,-,-,-,-,31.42277778,78.265,8/10/2022 8:00,3.96664
36076,Sangla baspa khad,Himachal Pradesh,2,Himachal Pradesh,23,SHIMLA,SHIMLA RURAL(T),-,-,-,-,-,-,-,-,31.42277778,78.265,9/10/2022 8:00,3.96664
36077,Sangla baspa khad,Himachal Pradesh,2,Himachal Pradesh,23,SHIMLA,SHIMLA RURAL(T),-,-,-,-,-,-,-,-,31.42277778,78.265,10/10/2022 8:00,3.93084
36078,Sangla baspa khad,Himachal Pradesh,2,Himachal Pradesh,23,SHIMLA,SHIMLA RURAL(T),-,-,-,-,-,-,-,-,31.42277778,78.265,11/10/2022 8:00,3.89504
36079,Sangla baspa khad,Himachal Pradesh,2,Himachal Pradesh,23,SHIMLA,SHIMLA RURAL(T),-,-,-,-,-,-,-,-,31.42277778,78.265,12/10/2022 8:00,3.85924
36080,Sangla baspa khad,Himachal Pradesh,2,Himachal Pradesh,23,SHIMLA,SHIMLA RURAL(T),-,-,-,-,-,-,-,-,31.42277778,78.265,13-10-2022 08:00,3.82344
36081,Sangla baspa khad,Himachal Pradesh,2,Himachal Pradesh,23,SHIMLA,SHIMLA RURAL(T),-,-,-,-,-,-,-,-,31.42277778,78.265,14-10-2022 08:00,3.78764
36082,Sangla baspa khad,Himachal Pradesh,2,Himachal Pradesh,23,SHIMLA,SHIMLA RURAL(T),-,-,-,-,-,-,-,-,31.42277778,78.265,15-10-2022 08:00,3.4584
36083,Sangla baspa khad,Himachal Pradesh,2,Himachal Pradesh,23,SHIMLA,SHIMLA RURAL(T),-,-,-,-,-,-,-,-,31.42277778,78.265,16-10-2022 08:00,3.4254
36084,Sangla baspa khad,Himachal Pradesh,2,Himachal Pradesh,23,SHIMLA,SHIMLA RURAL(T),-,-,-,-,-,-,-,-,31.42277778,78.265,17-10-2022 08:00,3.4254
36085,Sangla baspa khad,Himachal Pradesh,2,Himachal Pradesh,23,SHIMLA,SHIMLA RURAL(T),-,-,-,-,-,-,-,-,31.42277778,78.265,18-10-2022 08:00,3.4254
36086,Sangla baspa khad,Himachal Pradesh,2,Himachal Pradesh,23,SHIMLA,SHIMLA RURAL(T),-,-,-,-,-,-,-,-,31.42277778,78.265,19-10-2022 08:00,3.3924
36087,Sangla baspa khad,Himachal Pradesh,2,Himachal Pradesh,23,SHIMLA,SHIMLA RURAL(T),-,-,-,-,-,-,-,-,31.42277778,78.265,20-10-2022 08:00,3.3594
36088,Sangla baspa khad,Himachal Pradesh,2,Himachal Pradesh,23,SHIMLA,SHIMLA RURAL(T),-,-,-,-,-,-,-,-,31.42277778,78.265,21-10-2022 08:00,3.3594
36089,Sangla baspa khad,Himachal Pradesh,2,Himachal Pradesh,23,SHIMLA,SHIMLA RURAL(T),-,-,-,-,-,-,-,-,31.42277778,78.265,22-10-2022 08:00,3.2934
36090,Sangla baspa khad,Himachal Pradesh,2,Himachal Pradesh,23,SHIMLA,SHIMLA RURAL(T),-,-,-,-,-,-,-,-,31.42277778,78.265,23-10-2022 08:00,3.2934
36091,Sangla baspa khad,Himachal Pradesh,2,Himachal Pradesh,23,SHIMLA,SHIMLA RURAL(T),-,-,-,-,-,-,-,-,31.42277778,78.265,24-10-2022 08:00,3.2934
36092,Sangla baspa khad,Himachal Pradesh,2,Himachal Pradesh,23,SHIMLA,SHIMLA RURAL(T),-,-,-,-,-,-,-,-,31.42277778,78.265,25-10-2022 08:00,3.2604
36093,Sangla baspa khad,Himachal Pradesh,2,Himachal Pradesh,23,SHIMLA,SHIMLA RURAL(T),-,-,-,-,-,-,-,-,31.42277778,78.265,26-10-2022 08:00,3.2604
36094,Sangla baspa khad,Himachal Pradesh,2,Himachal Pradesh,23,SHIMLA,SHIMLA RURAL(T),-,-,-,-,-,-,-,-,31.42277778,78.265,27-10-2022 08:00,3.201
36095,Sangla baspa khad,Himachal Pradesh,2,Himachal Pradesh,23,SHIMLA,SHIMLA RURAL(T),-,-,-,-,-,-,-,-,31.42277778,78.265,28-10-2022 08:00,3.201
36096,Sangla baspa khad,Himachal Pradesh,2,Himachal Pradesh,23,SHIMLA,SHIMLA RURAL(T),-,-,-,-,-,-,-,-,31.42277778,78.265,29-10-2022 08:00,3.168
36097,Sangla baspa khad,Himachal Pradesh,2,Himachal Pradesh,23,SHIMLA,SHIMLA RURAL(T),-,-,-,-,-,-,-,-,31.42277778,78.265,30-10-2022 08:00,3.1944
36098,Sangla baspa khad,Himachal Pradesh,2,Himachal Pradesh,23,SHIMLA,SHIMLA RURAL(T),-,-,-,-,-,-,-,-,31.42277778,78.265,31-10-2022 08:00,3.1944
36099,Sangla baspa khad,Himachal Pradesh,2,Himachal Pradesh,23,SHIMLA,SHIMLA RURAL(T),-,-,-,-,-,-,-,-,31.42277778,78.265,1/11/2022 8:00,1.68608
36100,Sangla baspa khad,Himachal Pradesh,2,Himachal Pradesh,23,SHIMLA,SHIMLA RURAL(T),-,-,-,-,-,-,-,-,31.42277778,78.265,2/11/2022 8:00,1.68608
36101,Sangla baspa khad,Himachal Pradesh,2,Himachal Pradesh,23,SHIMLA,SHIMLA RURAL(T),-,-,-,-,-,-,-,-,31.42277778,78.265,3/11/2022 8:00,1.66848
36102,Sangla baspa khad,Himachal Pradesh,2,Himachal Pradesh,23,SHIMLA,SHIMLA RURAL(T),-,-,-,-,-,-,-,-,31.42277778,78.265,4/11/2022 8:00,1.66848
36103,Sangla baspa khad,Himachal Pradesh,2,Himachal Pradesh,23,SHIMLA,SHIMLA RURAL(T),-,-,-,-,-,-,-,-,31.42277778,78.265,5/11/2022 8:00,1.66848
36104,Sangla baspa khad,Himachal Pradesh,2,Himachal Pradesh,23,SHIMLA,SHIMLA RURAL(T),-,-,-,-,-,-,-,-,31.42277778,78.265,6/11/2022 8:00,1.14436
36105,Sangla baspa khad,Himachal Pradesh,2,Himachal Pradesh,23,SHIMLA,SHIMLA RURAL(T),-,-,-,-,-,-,-,-,31.42277778,78.265,7/11/2022 8:00,1.65088
36106,Sangla baspa khad,Himachal Pradesh,2,Himachal Pradesh,23,SHIMLA,SHIMLA RURAL(T),-,-,-,-,-,-,-,-,31.42277778,78.265,8/11/2022 8:00,1.65088
36107,Sangla baspa khad,Himachal Pradesh,2,Himachal Pradesh,23,SHIMLA,SHIMLA RURAL(T),-,-,-,-,-,-,-,-,31.42277778,78.265,9/11/2022 8:00,1.63328
36108,Sangla baspa khad,Himachal Pradesh,2,Himachal Pradesh,23,SHIMLA,SHIMLA RURAL(T),-,-,-,-,-,-,-,-,31.42277778,78.265,10/11/2022 8:00,1.66848
36109,Sangla baspa khad,Himachal Pradesh,2,Himachal Pradesh,23,SHIMLA,SHIMLA RURAL(T),-,-,-,-,-,-,-,-,31.42277778,78.265,11/11/2022 8:00,1.61568
36110,Sangla baspa khad,Himachal Pradesh,2,Himachal Pradesh,23,SHIMLA,SHIMLA RURAL(T),-,-,-,-,-,-,-,-,31.42277778,78.265,12/11/2022 8:00,1.61568
36111,Sangla baspa khad,Himachal Pradesh,2,Himachal Pradesh,23,SHIMLA,SHIMLA RURAL(T),-,-,-,-,-,-,-,-,31.42277778,78.265,13-11-2022 08:00,1.59808
36112,Sangla baspa khad,Himachal Pradesh,2,Himachal Pradesh,23,SHIMLA,SHIMLA RURAL(T),-,-,-,-,-,-,-,-,31.42277778,78.265,14-11-2022 08:00,1.56288
36113,Sangla baspa khad,Himachal Pradesh,2,Himachal Pradesh,23,SHIMLA,SHIMLA RURAL(T),-,-,-,-,-,-,-,-,31.42277778,78.265,15-11-2022 08:00,1.54528
36114,Sangla baspa khad,Himachal Pradesh,2,Himachal Pradesh,23,SHIMLA,SHIMLA RURAL(T),-,-,-,-,-,-,-,-,31.42277778,78.265,16-11-2022 08:00,1.52768
36115,Sangla baspa khad,Himachal Pradesh,2,Himachal Pradesh,23,SHIMLA,SHIMLA RURAL(T),-,-,-,-,-,-,-,-,31.42277778,78.265,17-11-2022 08:00,2.35092
36116,Sangla baspa khad,Himachal Pradesh,2,Himachal Pradesh,23,SHIMLA,SHIMLA RURAL(T),-,-,-,-,-,-,-,-,31.42277778,78.265,18-11-2022 08:00,2.35092
36117,Sangla baspa khad,Himachal Pradesh,2,Himachal Pradesh,23,SHIMLA,SHIMLA RURAL(T),-,-,-,-,-,-,-,-,31.42277778,78.265,19-11-2022 08:00,2.62136
36118,Sangla baspa khad,Himachal Pradesh,2,Himachal Pradesh,23,SHIMLA,SHIMLA RURAL(T),-,-,-,-,-,-,-,-,31.42277778,78.265,20-11-2022 08:00,2.35092
36119,Sangla baspa khad,Himachal Pradesh,2,Himachal Pradesh,23,SHIMLA,SHIMLA RURAL(T),-,-,-,-,-,-,-,-,31.42277778,78.265,21-11-2022 08:00,2.62136
36120,Sangla baspa khad,Himachal Pradesh,2,Himachal Pradesh,23,SHIMLA,SHIMLA RURAL(T),-,-,-,-,-,-,-,-,31.42277778,78.265,22-11-2022 08:00,2.65156
36121,Sangla baspa khad,Himachal Pradesh,2,Himachal Pradesh,23,SHIMLA,SHIMLA RURAL(T),-,-,-,-,-,-,-,-,31.42277778,78.265,23-11-2022 08:00,2.62136
36122,Sangla baspa khad,Himachal Pradesh,2,Himachal Pradesh,23,SHIMLA,SHIMLA RURAL(T),-,-,-,-,-,-,-,-,31.42277778,78.265,24-11-2022 08:00,2.62136
36123,Sangla baspa khad,Himachal Pradesh,2,Himachal Pradesh,23,SHIMLA,SHIMLA RURAL(T),-,-,-,-,-,-,-,-,31.42277778,78.265,25-11-2022 08:00,2.62136
36124,Sangla baspa khad,Himachal Pradesh,2,Himachal Pradesh,23,SHIMLA,SHIMLA RURAL(T),-,-,-,-,-,-,-,-,31.42277778,78.265,26-11-2022 08:00,2.35092
36125,Sangla baspa khad,Himachal Pradesh,2,Himachal Pradesh,23,SHIMLA,SHIMLA RURAL(T),-,-,-,-,-,-,-,-,31.42277778,78.265,27-11-2022 08:00,2.35092
36126,Sangla baspa khad,Himachal Pradesh,2,Himachal Pradesh,23,SHIMLA,SHIMLA RURAL(T),-,-,-,-,-,-,-,-,31.42277778,78.265,28-11-2022 08:00,2.35092
36127,Sangla baspa khad,Himachal Pradesh,2,Himachal Pradesh,23,SHIMLA,SHIMLA RURAL(T),-,-,-,-,-,-,-,-,31.42277778,78.265,29-11-2022 08:00,2.32352
36128,Sangla baspa khad,Himachal Pradesh,2,Himachal Pradesh,23,SHIMLA,SHIMLA RURAL(T),-,-,-,-,-,-,-,-,31.42277778,78.265,30-11-2022 08:00,2.32352
36129,Sangla baspa khad,Himachal Pradesh,2,Himachal Pradesh,23,SHIMLA,SHIMLA RURAL(T),-,-,-,-,-,-,-,-,31.42277778,78.265,1/12/2022 8:00,2.15992
36130,Sangla baspa khad,Himachal Pradesh,2,Himachal Pradesh,23,SHIMLA,SHIMLA RURAL(T),-,-,-,-,-,-,-,-,31.42277778,78.265,2/12/2022 8:00,2.21312
36131,Sangla baspa khad,Himachal Pradesh,2,Himachal Pradesh,23,SHIMLA,SHIMLA RURAL(T),-,-,-,-,-,-,-,-,31.42277778,78.265,3/12/2022 8:00,2.21312
36132,Sangla baspa khad,Himachal Pradesh,2,Himachal Pradesh,23,SHIMLA,SHIMLA RURAL(T),-,-,-,-,-,-,-,-,31.42277778,78.265,4/12/2022 8:00,2.17056
36133,Sangla baspa khad,Himachal Pradesh,2,Himachal Pradesh,23,SHIMLA,SHIMLA RURAL(T),-,-,-,-,-,-,-,-,31.42277778,78.265,5/12/2022 8:00,2.15992
36134,Sangla baspa khad,Himachal Pradesh,2,Himachal Pradesh,23,SHIMLA,SHIMLA RURAL(T),-,-,-,-,-,-,-,-,31.42277778,78.265,6/12/2022 8:00,2.13332
36135,Sangla baspa khad,Himachal Pradesh,2,Himachal Pradesh,23,SHIMLA,SHIMLA RURAL(T),-,-,-,-,-,-,-,-,31.42277778,78.265,7/12/2022 8:00,2.1546
36136,Sangla baspa khad,Himachal Pradesh,2,Himachal Pradesh,23,SHIMLA,SHIMLA RURAL(T),-,-,-,-,-,-,-,-,31.42277778,78.265,8/12/2022 8:00,2.10672
36137,Sangla baspa khad,Himachal Pradesh,2,Himachal Pradesh,23,SHIMLA,SHIMLA RURAL(T),-,-,-,-,-,-,-,-,31.42277778,78.265,9/12/2022 8:00,2.15992
36138,Sangla baspa khad,Himachal Pradesh,2,Himachal Pradesh,23,SHIMLA,SHIMLA RURAL(T),-,-,-,-,-,-,-,-,31.42277778,78.265,10/12/2022 8:00,2.13332
36139,Sangla baspa khad,Himachal Pradesh,2,Himachal Pradesh,23,SHIMLA,SHIMLA RURAL(T),-,-,-,-,-,-,-,-,31.42277778,78.265,11/12/2022 8:00,2.13332
36140,Sangla baspa khad,Himachal Pradesh,2,Himachal Pradesh,23,SHIMLA,SHIMLA RURAL(T),-,-,-,-,-,-,-,-,31.42277778,78.265,12/12/2022 8:00,2.13332
36141,Sangla baspa khad,Himachal Pradesh,2,Himachal Pradesh,23,SHIMLA,SHIMLA RURAL(T),-,-,-,-,-,-,-,-,31.42277778,78.265,13-12-2022 08:00,2.13332
36142,Sangla baspa khad,Himachal Pradesh,2,Himachal Pradesh,23,SHIMLA,SHIMLA RURAL(T),-,-,-,-,-,-,-,-,31.42277778,78.265,14-12-2022 08:00,2.10672
36143,Sangla baspa khad,Himachal Pradesh,2,Himachal Pradesh,23,SHIMLA,SHIMLA RURAL(T),-,-,-,-,-,-,-,-,31.42277778,78.265,15-12-2022 08:00,2.08012
36144,Sangla baspa khad,Himachal Pradesh,2,Himachal Pradesh,23,SHIMLA,SHIMLA RURAL(T),-,-,-,-,-,-,-,-,31.42277778,78.265,16-12-2022 08:00,2.13332
36145,Sangla baspa khad,Himachal Pradesh,2,Himachal Pradesh,23,SHIMLA,SHIMLA RURAL(T),-,-,-,-,-,-,-,-,31.42277778,78.265,17-12-2022 08:00,2.13332
36146,Sangla baspa khad,Himachal Pradesh,2,Himachal Pradesh,23,SHIMLA,SHIMLA RURAL(T),-,-,-,-,-,-,-,-,31.42277778,78.265,18-12-2022 08:00,2.08012
36147,Sangla baspa khad,Himachal Pradesh,2,Himachal Pradesh,23,SHIMLA,SHIMLA RURAL(T),-,-,-,-,-,-,-,-,31.42277778,78.265,19-12-2022 08:00,2.05352
36148,Sangla baspa khad,Himachal Pradesh,2,Himachal Pradesh,23,SHIMLA,SHIMLA RURAL(T),-,-,-,-,-,-,-,-,31.42277778,78.265,20-12-2022 08:00,2.05352
36149,Sangla baspa khad,Himachal Pradesh,2,Himachal Pradesh,23,SHIMLA,SHIMLA RURAL(T),-,-,-,-,-,-,-,-,31.42277778,78.265,21-12-2022 08:00,2.05352
36150,Sangla baspa khad,Himachal Pradesh,2,Himachal Pradesh,23,SHIMLA,SHIMLA RURAL(T),-,-,-,-,-,-,-,-,31.42277778,78.265,22-12-2022 08:00,2.02692
36151,Sangla baspa khad,Himachal Pradesh,2,Himachal Pradesh,23,SHIMLA,SHIMLA RURAL(T),-,-,-,-,-,-,-,-,31.42277778,78.265,23-12-2022 08:00,2.05352
36152,Sangla baspa khad,Himachal Pradesh,2,Himachal Pradesh,23,SHIMLA,SHIMLA RURAL(T),-,-,-,-,-,-,-,-,31.42277778,78.265,24-12-2022 08:00,2.02692
36153,Sangla baspa khad,Himachal Pradesh,2,Himachal Pradesh,23,SHIMLA,SHIMLA RURAL(T),-,-,-,-,-,-,-,-,31.42277778,78.265,25-12-2022 08:00,2.02692
36154,Sangla baspa khad,Himachal Pradesh,2,Himachal Pradesh,23,SHIMLA,SHIMLA RURAL(T),-,-,-,-,-,-,-,-,31.42277778,78.265,26-12-2022 08:00,2.05352
36155,Sangla baspa khad,Himachal Pradesh,2,Himachal Pradesh,23,SHIMLA,SHIMLA RURAL(T),-,-,-,-,-,-,-,-,31.42277778,78.265,27-12-2022 08:00,2.02692
36156,Sangla baspa khad,Himachal Pradesh,2,Himachal Pradesh,23,SHIMLA,SHIMLA RURAL(T),-,-,-,-,-,-,-,-,31.42277778,78.265,28-12-2022 08:00,2.02692
36157,Sangla baspa khad,Himachal Pradesh,2,Himachal Pradesh,23,SHIMLA,SHIMLA RURAL(T),-,-,-,-,-,-,-,-,31.42277778,78.265,29-12-2022 08:00,2.05352
36158,Sangla baspa khad,Himachal Pradesh,2,Himachal Pradesh,23,SHIMLA,SHIMLA RURAL(T),-,-,-,-,-,-,-,-,31.42277778,78.265,30-12-2022 08:00,0
36159,Sangla baspa khad,Himachal Pradesh,2,Himachal Pradesh,23,SHIMLA,SHIMLA RURAL(T),-,-,-,-,-,-,-,-,31.42277778,78.265,31-12-2022 08:00,0
